client_id,role,train_output_file,val_output_file,test_output_file,filename,dataset,placement,sensor_cols,n_rows,n_sensor_cols,n_windows_total,n_windows_train,n_windows_val,n_windows_test,n_classes_present,n_train_segments,n_val_segments,train_class_counts,val_class_counts,train_classes_before,val_classes_before,rescued_classes,val_rescued_classes,cannot_rescue_to_val,train_classes_after,val_classes_after,sampling_rate_hz,window_seconds,overlap_ratio,window_size_samples,step_size_samples,converted_units,already_gravity_removed,gravity_removed_here,acceleration_unit_after,acceleration_signal_after,norm_min,norm_max,norm_target_range
0,train,client_000_train.npz,client_000_val.npz,,RW_user_1.csv,RealWorld,waist,"['acc_mag', 'acc_mag_std']",84296,2,1038,988,49,0,8,1,1,"[151, 0, 75, 0, 18, 146, 0, 0, 144, 0, 155, 148, 151]","[1, 0, 42, 0, 1, 1, 0, 0, 1, 0, 1, 1, 1]","[0, 2, 8, 10, 11, 12]","[2, 4, 5]","[4, 5]","[0, 4, 5, 8, 10, 11, 12]",[],"[0, 2, 4, 5, 8, 10, 11, 12]","[0, 2, 4, 5, 8, 10, 11, 12]",20.0,8.0,0.5,160,80,False,False,True,m/s^2,body_acceleration,"[0.00016430311370640993, 0.0]","[131.81845092773438, 33.236717224121094]","[-1.0, 1.0]"
1,train,client_001_train.npz,client_001_val.npz,,RW_user_10.csv,RealWorld,waist,"['acc_mag', 'acc_mag_std']",80040,2,985,931,53,0,8,1,1,"[106, 0, 56, 0, 22, 150, 0, 0, 150, 0, 146, 154, 147]","[1, 0, 46, 0, 1, 1, 0, 0, 1, 0, 1, 1, 1]","[0, 2, 4, 8, 10, 11, 12]","[2, 5]",[5],"[0, 4, 5, 8, 10, 11, 12]",[],"[0, 2, 4, 5, 8, 10, 11, 12]","[0, 2, 4, 5, 8, 10, 11, 12]",20.0,8.0,0.5,160,80,False,False,True,m/s^2,body_acceleration,"[0.00016430311370640993, 0.0]","[131.81845092773438, 33.236717224121094]","[-1.0, 1.0]"
2,test,,,client_002_test.npz,RW_user_11.csv,RealWorld,waist,"['acc_mag', 'acc_mag_std']",83062,2,1023,0,0,1023,8,0,0,[],[],[],[],[],[],[],[],[],20.0,8.0,0.5,160,80,False,False,True,m/s^2,body_acceleration,"[0.00016430311370640993, 0.0]","[131.81845092773438, 33.236717224121094]","[-1.0, 1.0]"
3,train,client_003_train.npz,client_003_val.npz,,RW_user_12.csv,RealWorld,waist,"['acc_mag', 'acc_mag_std']",80337,2,989,949,39,0,8,1,1,"[131, 0, 111, 0, 19, 145, 0, 0, 142, 0, 145, 110, 146]","[1, 0, 1, 0, 1, 1, 0, 0, 1, 0, 1, 32, 1]","[0, 2, 8, 10, 11, 12]","[4, 5, 11]","[4, 5]","[0, 2, 4, 5, 8, 10, 12]",[],"[0, 2, 4, 5, 8, 10, 11, 12]","[0, 2, 4, 5, 8, 10, 11, 12]",20.0,8.0,0.5,160,80,False,False,True,m/s^2,body_acceleration,"[0.00016430311370640993, 0.0]","[131.81845092773438, 33.236717224121094]","[-1.0, 1.0]"
4,train,client_004_train.npz,client_004_val.npz,,RW_user_13.csv,RealWorld,waist,"['acc_mag', 'acc_mag_std']",70350,2,866,836,29,0,7,1,1,"[140, 0, 76, 0, 23, 149, 0, 0, 143, 0, 149, 156, 0]","[1, 0, 23, 0, 1, 1, 0, 0, 1, 0, 1, 1, 0]","[0, 2, 4, 8, 10, 11]","[2, 5]",[5],"[0, 4, 5, 8, 10, 11]",[],"[0, 2, 4, 5, 8, 10, 11]","[0, 2, 4, 5, 8, 10, 11]",20.0,8.0,0.5,160,80,False,False,True,m/s^2,body_acceleration,"[0.00016430311370640993, 0.0]","[131.81845092773438, 33.236717224121094]","[-1.0, 1.0]"
5,train,client_005_train.npz,client_005_val.npz,,RW_user_14.csv,RealWorld,waist,"['acc_mag', 'acc_mag_std']",61179,2,753,741,11,0,6,1,1,"[0, 0, 0, 0, 20, 143, 0, 0, 137, 0, 144, 144, 153]","[0, 0, 0, 0, 1, 1, 0, 0, 6, 0, 1, 1, 1]","[4, 5, 8, 10, 12]","[8, 11]",[11],"[4, 5, 10, 11, 12]",[],"[4, 5, 8, 10, 11, 12]","[4, 5, 8, 10, 11, 12]",20.0,8.0,0.5,160,80,False,False,True,m/s^2,body_acceleration,"[0.00016430311370640993, 0.0]","[131.81845092773438, 33.236717224121094]","[-1.0, 1.0]"
6,train,client_006_train.npz,client_006_val.npz,,RW_user_15.csv,RealWorld,waist,"['acc_mag', 'acc_mag_std']",84213,2,1038,974,63,0,8,1,1,"[135, 0, 62, 0, 19, 151, 0, 0, 157, 0, 149, 146, 155]","[1, 0, 56, 0, 1, 1, 0, 0, 1, 0, 1, 1, 1]","[0, 2, 4, 8, 10, 11, 12]","[2, 5]",[5],"[0, 4, 5, 8, 10, 11, 12]",[],"[0, 2, 4, 5, 8, 10, 11, 12]","[0, 2, 4, 5, 8, 10, 11, 12]",20.0,8.0,0.5,160,80,False,False,True,m/s^2,body_acceleration,"[0.00016430311370640993, 0.0]","[131.81845092773438, 33.236717224121094]","[-1.0, 1.0]"
7,test,,,client_007_test.npz,RW_user_2.csv,RealWorld,waist,"['acc_mag', 'acc_mag_std']",78809,2,970,0,0,970,8,0,0,[],[],[],[],[],[],[],[],[],20.0,8.0,0.5,160,80,False,False,True,m/s^2,body_acceleration,"[0.00016430311370640993, 0.0]","[131.81845092773438, 33.236717224121094]","[-1.0, 1.0]"
8,train,client_008_train.npz,client_008_val.npz,,RW_user_3.csv,RealWorld,waist,"['acc_mag', 'acc_mag_std']",86579,2,1067,1014,52,0,8,1,1,"[137, 0, 129, 0, 21, 100, 0, 0, 175, 0, 145, 145, 162]","[1, 0, 1, 0, 1, 45, 0, 0, 1, 0, 1, 1, 1]","[0, 2, 5, 8, 11, 12]","[4, 5, 10]","[4, 10]","[0, 2, 4, 8, 10, 11, 12]",[],"[0, 2, 4, 5, 8, 10, 11, 12]","[0, 2, 4, 5, 8, 10, 11, 12]",20.0,8.0,0.5,160,80,False,False,True,m/s^2,body_acceleration,"[0.00016430311370640993, 0.0]","[131.81845092773438, 33.236717224121094]","[-1.0, 1.0]"
9,train,client_009_train.npz,client_009_val.npz,,RW_user_4.csv,RealWorld,waist,"['acc_mag', 'acc_mag_std']",58416,2,722,592,129,0,5,1,1,"[0, 0, 0, 0, 18, 36, 0, 0, 243, 0, 151, 144, 0]","[0, 0, 0, 0, 1, 125, 0, 0, 1, 0, 1, 1, 0]","[5, 8, 10, 11]","[4, 5]",[4],"[4, 8, 10, 11]",[],"[4, 5, 8, 10, 11]","[4, 5, 8, 10, 11]",20.0,8.0,0.5,160,80,False,False,True,m/s^2,body_acceleration,"[0.00016430311370640993, 0.0]","[131.81845092773438, 33.236717224121094]","[-1.0, 1.0]"
10,train,client_010_train.npz,client_010_val.npz,,RW_user_5.csv,RealWorld,waist,"['acc_mag', 'acc_mag_std']",93049,2,1148,1026,121,0,8,1,1,"[142, 0, 115, 0, 20, 151, 0, 0, 259, 0, 37, 139, 163]","[1, 0, 1, 0, 1, 1, 0, 0, 1, 0, 114, 1, 1]","[0, 4, 5, 8, 10, 11, 12]","[2, 10]",[2],"[0, 2, 4, 5, 8, 11, 12]",[],"[0, 2, 4, 5, 8, 10, 11, 12]","[0, 2, 4, 5, 8, 10, 11, 12]",20.0,8.0,0.5,160,80,False,False,True,m/s^2,body_acceleration,"[0.00016430311370640993, 0.0]","[131.81845092773438, 33.236717224121094]","[-1.0, 1.0]"
11,train,client_011_train.npz,client_011_val.npz,,RW_user_6.csv,RealWorld,waist,"['acc_mag', 'acc_mag_std']",69444,2,855,826,28,0,7,1,1,"[119, 0, 93, 0, 20, 148, 0, 0, 153, 0, 0, 146, 147]","[1, 0, 22, 0, 1, 1, 0, 0, 1, 0, 0, 1, 1]","[0, 2, 4, 8, 11, 12]","[2, 5]",[5],"[0, 4, 5, 8, 11, 12]",[],"[0, 2, 4, 5, 8, 11, 12]","[0, 2, 4, 5, 8, 11, 12]",20.0,8.0,0.5,160,80,False,False,True,m/s^2,body_acceleration,"[0.00016430311370640993, 0.0]","[131.81845092773438, 33.236717224121094]","[-1.0, 1.0]"
12,train,client_012_train.npz,client_012_val.npz,,RW_user_7.csv,RealWorld,waist,"['acc_mag', 'acc_mag_std']",52126,2,642,509,132,0,5,1,1,"[0, 0, 0, 0, 21, 22, 0, 0, 170, 0, 0, 152, 144]","[0, 0, 0, 0, 1, 128, 0, 0, 1, 0, 0, 1, 1]","[4, 5, 8, 11, 12]",[5],[],"[4, 8, 11, 12]",[],"[4, 5, 8, 11, 12]","[4, 5, 8, 11, 12]",20.0,8.0,0.5,160,80,False,False,True,m/s^2,body_acceleration,"[0.00016430311370640993, 0.0]","[131.81845092773438, 33.236717224121094]","[-1.0, 1.0]"
13,train,client_013_train.npz,client_013_val.npz,,RW_user_8.csv,RealWorld,waist,"['acc_mag', 'acc_mag_std']",80374,2,991,949,41,0,7,1,1,"[272, 0, 67, 0, 20, 147, 0, 0, 141, 0, 152, 0, 150]","[1, 0, 35, 0, 1, 1, 0, 0, 1, 0, 1, 0, 1]","[0, 2, 5, 10, 12]","[2, 4, 8]","[4, 8]","[0, 4, 5, 8, 10, 12]",[],"[0, 2, 4, 5, 8, 10, 12]","[0, 2, 4, 5, 8, 10, 12]",20.0,8.0,0.5,160,80,False,False,True,m/s^2,body_acceleration,"[0.00016430311370640993, 0.0]","[131.81845092773438, 33.236717224121094]","[-1.0, 1.0]"
14,test,,,client_014_test.npz,RW_user_9.csv,RealWorld,waist,"['acc_mag', 'acc_mag_std']",85324,2,1051,0,0,1051,8,0,0,[],[],[],[],[],[],[],[],[],20.0,8.0,0.5,160,80,False,False,True,m/s^2,body_acceleration,"[0.00016430311370640993, 0.0]","[131.81845092773438, 33.236717224121094]","[-1.0, 1.0]"
15,test,,,client_015_test.npz,user_01.csv,FLAAP,waist,"['acc_mag', 'acc_mag_std']",54645,2,674,0,0,674,4,0,0,[],[],[],[],[],[],[],[],[],20.0,8.0,0.5,160,80,False,False,True,m/s^2,body_acceleration,"[0.00016430311370640993, 0.0]","[131.81845092773438, 33.236717224121094]","[-1.0, 1.0]"
16,train,client_016_train.npz,client_016_val.npz,,user_02.csv,FLAAP,waist,"['acc_mag', 'acc_mag_std']",61370,2,749,670,75,0,8,4,4,"[60, 0, 23, 77, 0, 64, 0, 0, 0, 38, 163, 65, 180]","[1, 0, 21, 1, 0, 1, 0, 0, 0, 9, 12, 1, 29]","[0, 2, 5, 9, 10, 11, 12]","[0, 2, 3, 9, 10, 12]",[3],"[3, 5, 11]",[],"[0, 2, 3, 5, 9, 10, 11, 12]","[0, 2, 3, 5, 9, 10, 11, 12]",20.0,8.0,0.5,160,80,False,False,True,m/s^2,body_acceleration,"[0.00016430311370640993, 0.0]","[131.81845092773438, 33.236717224121094]","[-1.0, 1.0]"
17,train,client_017_train.npz,client_017_val.npz,,user_03.csv,FLAAP,waist,"['acc_mag', 'acc_mag_std']",57951,2,706,621,82,0,8,3,3,"[56, 0, 11, 34, 0, 28, 0, 0, 0, 39, 65, 60, 328]","[1, 0, 17, 1, 0, 1, 0, 0, 0, 8, 52, 1, 1]","[0, 2, 9, 10, 11, 12]","[2, 3, 5, 9, 10]","[3, 5]","[0, 3, 5, 11, 12]",[],"[0, 2, 3, 5, 9, 10, 11, 12]","[0, 2, 3, 5, 9, 10, 11, 12]",20.0,8.0,0.5,160,80,False,False,True,m/s^2,body_acceleration,"[0.00016430311370640993, 0.0]","[131.81845092773438, 33.236717224121094]","[-1.0, 1.0]"
18,train,client_018_train.npz,client_018_val.npz,,user_04.csv,FLAAP,waist,"['acc_mag', 'acc_mag_std']",67275,2,817,646,164,0,8,7,7,"[150, 0, 16, 54, 0, 10, 0, 0, 0, 101, 33, 30, 252]","[17, 0, 25, 11, 0, 21, 0, 0, 0, 26, 37, 1, 26]","[0, 2, 3, 5, 9, 10, 11, 12]","[0, 2, 3, 5, 9, 10, 12]",[],[11],[],"[0, 2, 3, 5, 9, 10, 11, 12]","[0, 2, 3, 5, 9, 10, 11, 12]",20.0,8.0,0.5,160,80,False,False,True,m/s^2,body_acceleration,"[0.00016430311370640993, 0.0]","[131.81845092773438, 33.236717224121094]","[-1.0, 1.0]"
19,train,client_019_train.npz,client_019_val.npz,,user_05.csv,FLAAP,waist,"['acc_mag', 'acc_mag_std']",41167,2,497,391,102,0,8,4,4,"[47, 0, 16, 28, 0, 13, 0, 0, 0, 66, 30, 47, 144]","[1, 0, 16, 33, 0, 20, 0, 0, 0, 17, 13, 1, 1]","[0, 2, 3, 5, 9, 10, 11, 12]","[2, 3, 5, 9, 10]",[],"[0, 11, 12]",[],"[0, 2, 3, 5, 9, 10, 11, 12]","[0, 2, 3, 5, 9, 10, 11, 12]",20.0,8.0,0.5,160,80,False,False,True,m/s^2,body_acceleration,"[0.00016430311370640993, 0.0]","[131.81845092773438, 33.236717224121094]","[-1.0, 1.0]"
20,test,,,client_020_test.npz,user_06.csv,FLAAP,waist,"['acc_mag', 'acc_mag_std']",53111,2,646,0,0,646,8,0,0,[],[],[],[],[],[],[],[],[],20.0,8.0,0.5,160,80,False,False,True,m/s^2,body_acceleration,"[0.00016430311370640993, 0.0]","[131.81845092773438, 33.236717224121094]","[-1.0, 1.0]"
21,train,client_021_train.npz,client_021_val.npz,,user_07.csv,FLAAP,waist,"['acc_mag', 'acc_mag_std']",61475,2,751,594,154,0,8,3,3,"[58, 0, 97, 68, 0, 13, 0, 0, 0, 48, 67, 29, 214]","[1, 0, 39, 1, 0, 30, 0, 0, 0, 12, 1, 1, 69]","[0, 2, 3, 5, 9, 10, 11, 12]","[2, 5, 9, 12]",[],"[0, 3, 10, 11]",[],"[0, 2, 3, 5, 9, 10, 11, 12]","[0, 2, 3, 5, 9, 10, 11, 12]",20.0,8.0,0.5,160,80,False,False,True,m/s^2,body_acceleration,"[0.00016430311370640993, 0.0]","[131.81845092773438, 33.236717224121094]","[-1.0, 1.0]"
22,train,client_022_train.npz,client_022_val.npz,,user_08.csv,FLAAP,waist,"['acc_mag', 'acc_mag_std']",30432,2,365,303,60,0,7,2,2,"[67, 0, 30, 0, 0, 4, 0, 0, 0, 17, 70, 32, 83]","[1, 0, 25, 0, 0, 30, 0, 0, 0, 1, 1, 1, 1]","[0, 2, 5, 10, 11, 12]","[2, 5, 9]",[9],"[0, 9, 10, 11, 12]",[],"[0, 2, 5, 9, 10, 11, 12]","[0, 2, 5, 9, 10, 11, 12]",20.0,8.0,0.5,160,80,False,False,True,m/s^2,body_acceleration,"[0.00016430311370640993, 0.0]","[131.81845092773438, 33.236717224121094]","[-1.0, 1.0]"
23,train,client_023_train.npz,client_023_val.npz,,user_1.csv,HAPT,waist,"['acc_mag', 'acc_mag_std']",10187,2,77,58,18,0,6,1,1,"[3, 0, 4, 0, 0, 8, 0, 0, 0, 0, 8, 12, 23]","[5, 0, 3, 0, 0, 1, 0, 0, 0, 0, 1, 1, 7]","[0, 2, 5, 10, 11, 12]","[0, 2, 12]",[],"[5, 10, 11]",[],"[0, 2, 5, 10, 11, 12]","[0, 2, 5, 10, 11, 12]",20.0,8.0,0.5,160,80,True,False,True,m/s^2,body_acceleration,"[0.00016430311370640993, 0.0]","[131.81845092773438, 33.236717224121094]","[-1.0, 1.0]"
24,train,client_024_train.npz,client_024_val.npz,,user_10.csv,HAPT,waist,"['acc_mag', 'acc_mag_std']",8717,2,57,42,14,0,6,1,1,"[3, 0, 1, 0, 0, 12, 0, 0, 0, 0, 10, 9, 7]","[3, 0, 1, 0, 0, 1, 0, 0, 0, 0, 1, 1, 7]","[0, 2, 5, 10, 11, 12]","[0, 2, 12]",[],"[5, 10, 11]",[],"[0, 2, 5, 10, 11, 12]","[0, 2, 5, 10, 11, 12]",20.0,8.0,0.5,160,80,True,False,True,m/s^2,body_acceleration,"[0.00016430311370640993, 0.0]","[131.81845092773438, 33.236717224121094]","[-1.0, 1.0]"
25,train,client_025_train.npz,client_025_val.npz,,user_1001.csv,KU_HAR,waist,"['acc_mag', 'acc_mag_std']",5567,2,63,45,13,0,4,5,5,"[0, 0, 0, 0, 1, 12, 0, 0, 0, 0, 20, 12, 0]","[0, 0, 0, 0, 1, 3, 0, 0, 0, 0, 6, 3, 0]","[4, 5, 10, 11]","[4, 5, 10, 11]",[],[],[],"[4, 5, 10, 11]","[4, 5, 10, 11]",20.0,8.0,0.5,160,80,False,True,False,m/s^2,body_acceleration,"[0.00016430311370640993, 0.0]","[131.81845092773438, 33.236717224121094]","[-1.0, 1.0]"
26,test,,,client_026_test.npz,user_1002.csv,KU_HAR,waist,"['acc_mag', 'acc_mag_std']",21486,2,219,0,0,219,11,0,0,[],[],[],[],[],[],[],[],[],20.0,8.0,0.5,160,80,False,True,False,m/s^2,body_acceleration,"[0.00016430311370640993, 0.0]","[131.81845092773438, 33.236717224121094]","[-1.0, 1.0]"
27,train,client_027_train.npz,client_027_val.npz,,user_1003.csv,KU_HAR,waist,"['acc_mag', 'acc_mag_std']",7884,2,85,60,18,0,6,9,8,"[0, 0, 0, 0, 3, 10, 12, 0, 0, 2, 21, 12, 0]","[0, 0, 0, 0, 1, 3, 3, 0, 0, 2, 6, 3, 0]","[4, 5, 6, 9, 10, 11]","[5, 6, 9, 10, 11]",[],[4],[],"[4, 5, 6, 9, 10, 11]","[4, 5, 6, 9, 10, 11]",20.0,8.0,0.5,160,80,False,True,False,m/s^2,body_acceleration,"[0.00016430311370640993, 0.0]","[131.81845092773438, 33.236717224121094]","[-1.0, 1.0]"
28,train,client_028_train.npz,client_028_val.npz,,user_1004.csv,KU_HAR,waist,"['acc_mag', 'acc_mag_std']",11750,2,123,82,27,0,10,17,15,"[8, 0, 7, 0, 1, 15, 9, 1, 0, 3, 20, 10, 8]","[2, 0, 2, 0, 1, 4, 3, 0, 0, 1, 6, 3, 5]","[0, 2, 4, 5, 6, 7, 9, 10, 11, 12]","[0, 2, 5, 6, 9, 10, 11, 12]",[],[4],[7],"[0, 2, 4, 5, 6, 7, 9, 10, 11, 12]","[0, 2, 4, 5, 6, 9, 10, 11, 12]",20.0,8.0,0.5,160,80,False,True,False,m/s^2,body_acceleration,"[0.00016430311370640993, 0.0]","[131.81845092773438, 33.236717224121094]","[-1.0, 1.0]"
29,train,client_029_train.npz,client_029_val.npz,,user_1005.csv,KU_HAR,waist,"['acc_mag', 'acc_mag_std']",6971,2,79,56,17,0,5,6,6,"[0, 0, 0, 0, 2, 11, 13, 0, 0, 0, 20, 10, 0]","[0, 0, 0, 0, 1, 3, 4, 0, 0, 0, 6, 3, 0]","[4, 5, 6, 10, 11]","[4, 5, 6, 10, 11]",[],[],[],"[4, 5, 6, 10, 11]","[4, 5, 6, 10, 11]",20.0,8.0,0.5,160,80,False,True,False,m/s^2,body_acceleration,"[0.00016430311370640993, 0.0]","[131.81845092773438, 33.236717224121094]","[-1.0, 1.0]"
30,train,client_030_train.npz,client_030_val.npz,,user_1006.csv,KU_HAR,waist,"['acc_mag', 'acc_mag_std']",6150,2,66,46,14,0,6,7,6,"[0, 0, 0, 0, 1, 12, 10, 0, 0, 3, 10, 10, 0]","[0, 0, 0, 0, 0, 3, 3, 0, 0, 2, 3, 3, 0]","[4, 5, 6, 9, 10, 11]","[5, 6, 9, 10, 11]",[],[],[4],"[4, 5, 6, 9, 10, 11]","[5, 6, 9, 10, 11]",20.0,8.0,0.5,160,80,False,True,False,m/s^2,body_acceleration,"[0.00016430311370640993, 0.0]","[131.81845092773438, 33.236717224121094]","[-1.0, 1.0]"
31,train,client_031_train.npz,client_031_val.npz,,user_1007.csv,KU_HAR,waist,"['acc_mag', 'acc_mag_std']",7287,2,82,59,17,0,5,6,6,"[0, 0, 0, 0, 1, 12, 16, 0, 0, 0, 19, 11, 0]","[0, 0, 0, 0, 1, 3, 4, 0, 0, 0, 6, 3, 0]","[4, 5, 6, 10, 11]","[4, 5, 6, 10, 11]",[],[],[],"[4, 5, 6, 10, 11]","[4, 5, 6, 10, 11]",20.0,8.0,0.5,160,80,False,True,False,m/s^2,body_acceleration,"[0.00016430311370640993, 0.0]","[131.81845092773438, 33.236717224121094]","[-1.0, 1.0]"
32,train,client_032_train.npz,client_032_val.npz,,user_1008.csv,KU_HAR,waist,"['acc_mag', 'acc_mag_std']",13722,2,149,107,32,0,6,14,12,"[0, 0, 0, 0, 4, 20, 22, 1, 0, 0, 40, 20, 0]","[0, 0, 0, 0, 1, 6, 6, 1, 0, 0, 12, 6, 0]","[4, 5, 6, 7, 10, 11]","[5, 6, 10, 11]",[],"[4, 7]",[],"[4, 5, 6, 7, 10, 11]","[4, 5, 6, 7, 10, 11]",20.0,8.0,0.5,160,80,False,True,False,m/s^2,body_acceleration,"[0.00016430311370640993, 0.0]","[131.81845092773438, 33.236717224121094]","[-1.0, 1.0]"
33,train,client_033_train.npz,client_033_val.npz,,user_1009.csv,KU_HAR,waist,"['acc_mag', 'acc_mag_std']",4991,2,56,40,12,0,3,4,4,"[0, 0, 0, 0, 0, 10, 0, 0, 0, 0, 20, 10, 0]","[0, 0, 0, 0, 0, 3, 0, 0, 0, 0, 6, 3, 0]","[5, 10, 11]","[5, 10, 11]",[],[],[],"[5, 10, 11]","[5, 10, 11]",20.0,8.0,0.5,160,80,False,True,False,m/s^2,body_acceleration,"[0.00016430311370640993, 0.0]","[131.81845092773438, 33.236717224121094]","[-1.0, 1.0]"
34,train,client_034_train.npz,client_034_val.npz,,user_1010.csv,KU_HAR,waist,"['acc_mag', 'acc_mag_std']",4927,2,56,40,12,0,3,4,4,"[0, 0, 0, 0, 0, 10, 0, 0, 0, 0, 20, 10, 0]","[0, 0, 0, 0, 0, 3, 0, 0, 0, 0, 6, 3, 0]","[5, 10, 11]","[5, 10, 11]",[],[],[],"[5, 10, 11]","[5, 10, 11]",20.0,8.0,0.5,160,80,False,True,False,m/s^2,body_acceleration,"[0.00016430311370640993, 0.0]","[131.81845092773438, 33.236717224121094]","[-1.0, 1.0]"
35,train,client_035_train.npz,client_035_val.npz,,user_1011.csv,KU_HAR,waist,"['acc_mag', 'acc_mag_std']",5868,2,66,47,14,0,4,5,5,"[0, 0, 0, 0, 0, 10, 7, 0, 0, 0, 20, 10, 0]","[0, 0, 0, 0, 0, 3, 2, 0, 0, 0, 6, 3, 0]","[5, 6, 10, 11]","[5, 6, 10, 11]",[],[],[],"[5, 6, 10, 11]","[5, 6, 10, 11]",20.0,8.0,0.5,160,80,False,True,False,m/s^2,body_acceleration,"[0.00016430311370640993, 0.0]","[131.81845092773438, 33.236717224121094]","[-1.0, 1.0]"
36,test,,,client_036_test.npz,user_1013.csv,KU_HAR,waist,"['acc_mag', 'acc_mag_std']",13331,2,144,0,0,144,6,0,0,[],[],[],[],[],[],[],[],[],20.0,8.0,0.5,160,80,False,True,False,m/s^2,body_acceleration,"[0.00016430311370640993, 0.0]","[131.81845092773438, 33.236717224121094]","[-1.0, 1.0]"
37,train,client_037_train.npz,client_037_val.npz,,user_1014.csv,KU_HAR,waist,"['acc_mag', 'acc_mag_std']",24921,2,255,181,51,0,8,36,24,"[0, 0, 0, 0, 10, 31, 22, 3, 0, 12, 60, 31, 12]","[0, 0, 0, 0, 1, 9, 6, 1, 0, 6, 18, 9, 1]","[4, 5, 6, 7, 9, 10, 11, 12]","[4, 5, 6, 9, 10, 11, 12]",[],[7],[],"[4, 5, 6, 7, 9, 10, 11, 12]","[4, 5, 6, 7, 9, 10, 11, 12]",20.0,8.0,0.5,160,80,False,True,False,m/s^2,body_acceleration,"[0.00016430311370640993, 0.0]","[131.81845092773438, 33.236717224121094]","[-1.0, 1.0]"
38,train,client_038_train.npz,client_038_val.npz,,user_1015.csv,KU_HAR,waist,"['acc_mag', 'acc_mag_std']",14803,2,154,109,31,0,7,20,15,"[0, 0, 0, 0, 6, 20, 15, 1, 0, 7, 40, 20, 0]","[0, 0, 0, 0, 2, 6, 3, 1, 0, 1, 12, 6, 0]","[4, 5, 6, 7, 9, 10, 11]","[4, 5, 6, 9, 10, 11]",[],[7],[],"[4, 5, 6, 7, 9, 10, 11]","[4, 5, 6, 7, 9, 10, 11]",20.0,8.0,0.5,160,80,False,True,False,m/s^2,body_acceleration,"[0.00016430311370640993, 0.0]","[131.81845092773438, 33.236717224121094]","[-1.0, 1.0]"
39,test,,,client_039_test.npz,user_1016.csv,KU_HAR,waist,"['acc_mag', 'acc_mag_std']",7091,2,76,0,0,76,6,0,0,[],[],[],[],[],[],[],[],[],20.0,8.0,0.5,160,80,False,True,False,m/s^2,body_acceleration,"[0.00016430311370640993, 0.0]","[131.81845092773438, 33.236717224121094]","[-1.0, 1.0]"
40,train,client_040_train.npz,client_040_val.npz,,user_1017.csv,KU_HAR,waist,"['acc_mag', 'acc_mag_std']",6791,2,74,50,17,0,5,7,7,"[0, 0, 0, 0, 1, 10, 10, 0, 0, 0, 19, 10, 0]","[0, 0, 0, 0, 1, 3, 4, 0, 0, 0, 6, 3, 0]","[4, 5, 6, 10, 11]","[4, 5, 6, 10, 11]",[],[],[],"[4, 5, 6, 10, 11]","[4, 5, 6, 10, 11]",20.0,8.0,0.5,160,80,False,True,False,m/s^2,body_acceleration,"[0.00016430311370640993, 0.0]","[131.81845092773438, 33.236717224121094]","[-1.0, 1.0]"
41,train,client_041_train.npz,client_041_val.npz,,user_1018.csv,KU_HAR,waist,"['acc_mag', 'acc_mag_std']",8165,2,88,59,19,0,6,10,10,"[0, 0, 0, 0, 2, 12, 10, 0, 0, 2, 23, 10, 0]","[0, 0, 0, 0, 2, 3, 3, 0, 0, 2, 6, 3, 0]","[4, 5, 6, 9, 10, 11]","[4, 5, 6, 9, 10, 11]",[],[],[],"[4, 5, 6, 9, 10, 11]","[4, 5, 6, 9, 10, 11]",20.0,8.0,0.5,160,80,False,True,False,m/s^2,body_acceleration,"[0.00016430311370640993, 0.0]","[131.81845092773438, 33.236717224121094]","[-1.0, 1.0]"
42,test,,,client_042_test.npz,user_1019.csv,KU_HAR,waist,"['acc_mag', 'acc_mag_std']",7559,2,80,0,0,80,6,0,0,[],[],[],[],[],[],[],[],[],20.0,8.0,0.5,160,80,False,True,False,m/s^2,body_acceleration,"[0.00016430311370640993, 0.0]","[131.81845092773438, 33.236717224121094]","[-1.0, 1.0]"
43,train,client_043_train.npz,client_043_val.npz,,user_1020.csv,KU_HAR,waist,"['acc_mag', 'acc_mag_std']",6769,2,72,52,15,0,6,8,6,"[0, 0, 0, 0, 1, 10, 9, 0, 0, 1, 20, 11, 0]","[0, 0, 0, 0, 0, 3, 2, 0, 0, 1, 6, 3, 0]","[4, 5, 6, 9, 10, 11]","[5, 6, 10, 11]",[],[9],[4],"[4, 5, 6, 9, 10, 11]","[5, 6, 9, 10, 11]",20.0,8.0,0.5,160,80,False,True,False,m/s^2,body_acceleration,"[0.00016430311370640993, 0.0]","[131.81845092773438, 33.236717224121094]","[-1.0, 1.0]"
44,train,client_044_train.npz,client_044_val.npz,,user_1021.csv,KU_HAR,waist,"['acc_mag', 'acc_mag_std']",8346,2,89,58,21,0,7,11,11,"[0, 0, 0, 0, 2, 10, 12, 1, 0, 2, 21, 10, 0]","[0, 0, 0, 0, 2, 3, 4, 1, 0, 2, 6, 3, 0]","[4, 5, 6, 7, 9, 10, 11]","[4, 5, 6, 9, 10, 11]",[],[7],[],"[4, 5, 6, 7, 9, 10, 11]","[4, 5, 6, 7, 9, 10, 11]",20.0,8.0,0.5,160,80,False,True,False,m/s^2,body_acceleration,"[0.00016430311370640993, 0.0]","[131.81845092773438, 33.236717224121094]","[-1.0, 1.0]"
45,train,client_045_train.npz,client_045_val.npz,,user_1022.csv,KU_HAR,waist,"['acc_mag', 'acc_mag_std']",22899,2,237,163,50,0,7,32,25,"[0, 0, 0, 0, 5, 29, 19, 0, 0, 8, 61, 31, 10]","[0, 0, 0, 0, 1, 9, 5, 0, 0, 5, 18, 9, 3]","[4, 5, 6, 9, 10, 11, 12]","[5, 6, 9, 10, 11, 12]",[],[4],[],"[4, 5, 6, 9, 10, 11, 12]","[4, 5, 6, 9, 10, 11, 12]",20.0,8.0,0.5,160,80,False,True,False,m/s^2,body_acceleration,"[0.00016430311370640993, 0.0]","[131.81845092773438, 33.236717224121094]","[-1.0, 1.0]"
46,train,client_046_train.npz,client_046_val.npz,,user_1023.csv,KU_HAR,waist,"['acc_mag', 'acc_mag_std']",12129,2,122,86,24,0,10,20,13,"[8, 0, 8, 0, 3, 10, 10, 1, 0, 2, 20, 10, 14]","[2, 0, 2, 0, 1, 3, 3, 0, 0, 2, 6, 3, 2]","[0, 2, 4, 5, 6, 7, 9, 10, 11, 12]","[0, 2, 5, 6, 9, 10, 11, 12]",[],[4],[7],"[0, 2, 4, 5, 6, 7, 9, 10, 11, 12]","[0, 2, 4, 5, 6, 9, 10, 11, 12]",20.0,8.0,0.5,160,80,False,True,False,m/s^2,body_acceleration,"[0.00016430311370640993, 0.0]","[131.81845092773438, 33.236717224121094]","[-1.0, 1.0]"
47,train,client_047_train.npz,client_047_val.npz,,user_1024.csv,KU_HAR,waist,"['acc_mag', 'acc_mag_std']",17864,2,170,115,34,0,8,36,22,"[10, 0, 10, 0, 3, 10, 10, 0, 0, 0, 20, 9, 43]","[3, 0, 3, 0, 1, 3, 4, 0, 0, 0, 6, 3, 11]","[0, 2, 4, 5, 6, 10, 11, 12]","[0, 2, 5, 6, 10, 11, 12]",[],[4],[],"[0, 2, 4, 5, 6, 10, 11, 12]","[0, 2, 4, 5, 6, 10, 11, 12]",20.0,8.0,0.5,160,80,False,True,False,m/s^2,body_acceleration,"[0.00016430311370640993, 0.0]","[131.81845092773438, 33.236717224121094]","[-1.0, 1.0]"
48,train,client_048_train.npz,client_048_val.npz,,user_1025.csv,KU_HAR,waist,"['acc_mag', 'acc_mag_std']",7859,2,81,57,18,0,7,10,8,"[0, 0, 0, 0, 1, 10, 12, 1, 0, 3, 20, 10, 0]","[0, 0, 0, 0, 0, 3, 4, 1, 0, 1, 6, 3, 0]","[4, 5, 6, 7, 9, 10, 11]","[5, 6, 10, 11]",[],"[7, 9]",[4],"[4, 5, 6, 7, 9, 10, 11]","[5, 6, 7, 9, 10, 11]",20.0,8.0,0.5,160,80,False,True,False,m/s^2,body_acceleration,"[0.00016430311370640993, 0.0]","[131.81845092773438, 33.236717224121094]","[-1.0, 1.0]"
49,train,client_049_train.npz,client_049_val.npz,,user_1026.csv,KU_HAR,waist,"['acc_mag', 'acc_mag_std']",19776,2,201,136,43,0,10,30,24,"[8, 0, 7, 0, 7, 20, 15, 2, 0, 6, 41, 20, 10]","[2, 0, 2, 0, 1, 6, 4, 1, 0, 2, 12, 6, 7]","[0, 2, 4, 5, 6, 7, 9, 10, 11, 12]","[0, 2, 5, 6, 9, 10, 11, 12]",[],"[4, 7]",[],"[0, 2, 4, 5, 6, 7, 9, 10, 11, 12]","[0, 2, 4, 5, 6, 7, 9, 10, 11, 12]",20.0,8.0,0.5,160,80,False,True,False,m/s^2,body_acceleration,"[0.00016430311370640993, 0.0]","[131.81845092773438, 33.236717224121094]","[-1.0, 1.0]"
50,train,client_050_train.npz,client_050_val.npz,,user_1027.csv,KU_HAR,waist,"['acc_mag', 'acc_mag_std']",12256,2,125,89,25,0,10,20,13,"[7, 0, 7, 0, 3, 11, 15, 1, 0, 3, 20, 10, 12]","[2, 0, 2, 0, 1, 3, 4, 0, 0, 1, 6, 3, 3]","[0, 2, 4, 5, 6, 7, 9, 10, 11, 12]","[0, 2, 5, 6, 10, 11, 12]",[],"[4, 9]",[7],"[0, 2, 4, 5, 6, 7, 9, 10, 11, 12]","[0, 2, 4, 5, 6, 9, 10, 11, 12]",20.0,8.0,0.5,160,80,False,True,False,m/s^2,body_acceleration,"[0.00016430311370640993, 0.0]","[131.81845092773438, 33.236717224121094]","[-1.0, 1.0]"
51,train,client_051_train.npz,client_051_val.npz,,user_1028.csv,KU_HAR,waist,"['acc_mag', 'acc_mag_std']",5450,2,59,42,13,0,4,5,5,"[0, 0, 0, 0, 2, 11, 0, 0, 0, 0, 19, 10, 0]","[0, 0, 0, 0, 1, 3, 0, 0, 0, 0, 6, 3, 0]","[4, 5, 10, 11]","[5, 10, 11]",[],[4],[],"[4, 5, 10, 11]","[4, 5, 10, 11]",20.0,8.0,0.5,160,80,False,True,False,m/s^2,body_acceleration,"[0.00016430311370640993, 0.0]","[131.81845092773438, 33.236717224121094]","[-1.0, 1.0]"
52,train,client_052_train.npz,client_052_val.npz,,user_1029.csv,KU_HAR,waist,"['acc_mag', 'acc_mag_std']",6616,2,75,53,16,0,4,6,6,"[0, 0, 0, 0, 0, 10, 10, 0, 0, 0, 23, 10, 0]","[0, 0, 0, 0, 0, 3, 4, 0, 0, 0, 6, 3, 0]","[5, 6, 10, 11]","[5, 6, 10, 11]",[],[],[],"[5, 6, 10, 11]","[5, 6, 10, 11]",20.100502512562816,8.0,0.5,160,80,False,True,False,m/s^2,body_acceleration,"[0.00016430311370640993, 0.0]","[131.81845092773438, 33.236717224121094]","[-1.0, 1.0]"
53,train,client_053_train.npz,client_053_val.npz,,user_1030.csv,KU_HAR,waist,"['acc_mag', 'acc_mag_std']",8022,2,85,60,18,0,6,10,8,"[0, 0, 0, 0, 3, 10, 12, 0, 0, 3, 22, 10, 0]","[0, 0, 0, 0, 1, 3, 4, 0, 0, 1, 6, 3, 0]","[4, 5, 6, 9, 10, 11]","[4, 5, 6, 10, 11]",[],[9],[],"[4, 5, 6, 9, 10, 11]","[4, 5, 6, 9, 10, 11]",20.0,8.0,0.5,160,80,False,True,False,m/s^2,body_acceleration,"[0.00016430311370640993, 0.0]","[131.81845092773438, 33.236717224121094]","[-1.0, 1.0]"
54,train,client_054_train.npz,client_054_val.npz,,user_1031.csv,KU_HAR,waist,"['acc_mag', 'acc_mag_std']",9194,2,93,65,18,0,5,14,10,"[0, 0, 0, 0, 0, 10, 8, 0, 0, 0, 21, 10, 16]","[0, 0, 0, 0, 0, 3, 2, 0, 0, 0, 6, 3, 4]","[5, 6, 10, 11, 12]","[5, 6, 10, 11, 12]",[],[],[],"[5, 6, 10, 11, 12]","[5, 6, 10, 11, 12]",20.0,8.0,0.5,160,80,False,True,False,m/s^2,body_acceleration,"[0.00016430311370640993, 0.0]","[131.81845092773438, 33.236717224121094]","[-1.0, 1.0]"
55,train,client_055_train.npz,client_055_val.npz,,user_1032.csv,KU_HAR,waist,"['acc_mag', 'acc_mag_std']",4909,2,57,41,12,0,3,4,4,"[0, 0, 0, 0, 0, 11, 0, 0, 0, 0, 20, 10, 0]","[0, 0, 0, 0, 0, 3, 0, 0, 0, 0, 6, 3, 0]","[5, 10, 11]","[5, 10, 11]",[],[],[],"[5, 10, 11]","[5, 10, 11]",20.2020202020202,8.0,0.5,160,80,False,True,False,m/s^2,body_acceleration,"[0.00016430311370640993, 0.0]","[131.81845092773438, 33.236717224121094]","[-1.0, 1.0]"
56,test,,,client_056_test.npz,user_1033.csv,KU_HAR,waist,"['acc_mag', 'acc_mag_std']",4949,2,56,0,0,56,3,0,0,[],[],[],[],[],[],[],[],[],20.0,8.0,0.5,160,80,False,True,False,m/s^2,body_acceleration,"[0.00016430311370640993, 0.0]","[131.81845092773438, 33.236717224121094]","[-1.0, 1.0]"
57,train,client_057_train.npz,client_057_val.npz,,user_1034.csv,KU_HAR,waist,"['acc_mag', 'acc_mag_std']",22608,2,229,152,48,0,9,36,29,"[5, 0, 5, 0, 5, 20, 15, 0, 0, 7, 42, 20, 33]","[2, 0, 2, 0, 4, 6, 4, 0, 0, 2, 12, 6, 10]","[0, 2, 4, 5, 6, 9, 10, 11, 12]","[0, 2, 4, 5, 6, 9, 10, 11, 12]",[],[],[],"[0, 2, 4, 5, 6, 9, 10, 11, 12]","[0, 2, 4, 5, 6, 9, 10, 11, 12]",20.0,8.0,0.5,160,80,False,True,False,m/s^2,body_acceleration,"[0.00016430311370640993, 0.0]","[131.81845092773438, 33.236717224121094]","[-1.0, 1.0]"
58,train,client_058_train.npz,client_058_val.npz,,user_1035.csv,KU_HAR,waist,"['acc_mag', 'acc_mag_std']",1514,2,12,6,3,0,1,5,3,"[0, 0, 0, 0, 0, 0, 0, 0, 0, 0, 0, 0, 6]","[0, 0, 0, 0, 0, 0, 0, 0, 0, 0, 0, 0, 3]",[12],[12],[],[],[],[12],[12],20.0,8.0,0.5,160,80,False,True,False,m/s^2,body_acceleration,"[0.00016430311370640993, 0.0]","[131.81845092773438, 33.236717224121094]","[-1.0, 1.0]"
59,test,,,client_059_test.npz,user_1036.csv,KU_HAR,waist,"['acc_mag', 'acc_mag_std']",10543,2,103,0,0,103,9,0,0,[],[],[],[],[],[],[],[],[],20.0,8.0,0.5,160,80,False,True,False,m/s^2,body_acceleration,"[0.00016430311370640993, 0.0]","[131.81845092773438, 33.236717224121094]","[-1.0, 1.0]"
60,train,client_060_train.npz,client_060_val.npz,,user_1037.csv,KU_HAR,waist,"['acc_mag', 'acc_mag_std']",12854,2,133,85,30,0,9,19,18,"[8, 0, 6, 0, 2, 12, 13, 0, 0, 2, 22, 10, 10]","[2, 0, 2, 0, 2, 3, 4, 0, 0, 2, 6, 3, 6]","[0, 2, 4, 5, 6, 9, 10, 11, 12]","[0, 2, 4, 5, 6, 9, 10, 11, 12]",[],[],[],"[0, 2, 4, 5, 6, 9, 10, 11, 12]","[0, 2, 4, 5, 6, 9, 10, 11, 12]",20.408163265306122,8.0,0.5,160,80,False,True,False,m/s^2,body_acceleration,"[0.00016430311370640993, 0.0]","[131.81845092773438, 33.236717224121094]","[-1.0, 1.0]"
61,train,client_061_train.npz,client_061_val.npz,,user_1038.csv,KU_HAR,waist,"['acc_mag', 'acc_mag_std']",10171,2,98,67,20,0,9,18,12,"[3, 0, 3, 0, 3, 10, 4, 0, 0, 3, 19, 10, 12]","[1, 0, 1, 0, 1, 3, 1, 0, 0, 1, 6, 3, 3]","[0, 2, 4, 5, 6, 9, 10, 11, 12]","[0, 2, 5, 6, 9, 10, 11, 12]",[],[4],[],"[0, 2, 4, 5, 6, 9, 10, 11, 12]","[0, 2, 4, 5, 6, 9, 10, 11, 12]",20.0,8.0,0.5,160,80,False,True,False,m/s^2,body_acceleration,"[0.00016430311370640993, 0.0]","[131.81845092773438, 33.236717224121094]","[-1.0, 1.0]"
62,train,client_062_train.npz,client_062_val.npz,,user_1039.csv,KU_HAR,waist,"['acc_mag', 'acc_mag_std']",21716,2,223,144,49,0,9,34,31,"[8, 0, 8, 0, 4, 22, 18, 0, 0, 3, 42, 20, 19]","[2, 0, 2, 0, 1, 6, 4, 0, 0, 2, 12, 6, 14]","[0, 2, 4, 5, 6, 9, 10, 11, 12]","[0, 2, 5, 6, 9, 10, 11, 12]",[],[4],[],"[0, 2, 4, 5, 6, 9, 10, 11, 12]","[0, 2, 4, 5, 6, 9, 10, 11, 12]",20.0,8.0,0.5,160,80,False,True,False,m/s^2,body_acceleration,"[0.00016430311370640993, 0.0]","[131.81845092773438, 33.236717224121094]","[-1.0, 1.0]"
63,train,client_063_train.npz,client_063_val.npz,,user_1040.csv,KU_HAR,waist,"['acc_mag', 'acc_mag_std']",19494,2,199,139,41,0,10,28,21,"[8, 0, 7, 0, 2, 21, 15, 4, 0, 6, 42, 20, 14]","[2, 0, 2, 0, 1, 6, 5, 1, 0, 4, 12, 6, 2]","[0, 2, 4, 5, 6, 7, 9, 10, 11, 12]","[0, 2, 5, 6, 9, 10, 11, 12]",[],"[4, 7]",[],"[0, 2, 4, 5, 6, 7, 9, 10, 11, 12]","[0, 2, 4, 5, 6, 7, 9, 10, 11, 12]",20.0,8.0,0.5,160,80,False,True,False,m/s^2,body_acceleration,"[0.00016430311370640993, 0.0]","[131.81845092773438, 33.236717224121094]","[-1.0, 1.0]"
64,test,,,client_064_test.npz,user_1041.csv,KU_HAR,waist,"['acc_mag', 'acc_mag_std']",16091,2,166,0,0,166,9,0,0,[],[],[],[],[],[],[],[],[],20.0,8.0,0.5,160,80,False,True,False,m/s^2,body_acceleration,"[0.00016430311370640993, 0.0]","[131.81845092773438, 33.236717224121094]","[-1.0, 1.0]"
65,test,,,client_065_test.npz,user_1042.csv,KU_HAR,waist,"['acc_mag', 'acc_mag_std']",14249,2,141,0,0,141,8,0,0,[],[],[],[],[],[],[],[],[],20.408163265306122,8.0,0.5,160,80,False,True,False,m/s^2,body_acceleration,"[0.00016430311370640993, 0.0]","[131.81845092773438, 33.236717224121094]","[-1.0, 1.0]"
66,test,,,client_066_test.npz,user_1043.csv,KU_HAR,waist,"['acc_mag', 'acc_mag_std']",14296,2,141,0,0,141,8,0,0,[],[],[],[],[],[],[],[],[],20.0,8.0,0.5,160,80,False,True,False,m/s^2,body_acceleration,"[0.00016430311370640993, 0.0]","[131.81845092773438, 33.236717224121094]","[-1.0, 1.0]"
67,test,,,client_067_test.npz,user_1044.csv,KU_HAR,waist,"['acc_mag', 'acc_mag_std']",16190,2,155,0,0,155,9,0,0,[],[],[],[],[],[],[],[],[],20.0,8.0,0.5,160,80,False,True,False,m/s^2,body_acceleration,"[0.00016430311370640993, 0.0]","[131.81845092773438, 33.236717224121094]","[-1.0, 1.0]"
68,test,,,client_068_test.npz,user_1045.csv,KU_HAR,waist,"['acc_mag', 'acc_mag_std']",11747,2,117,0,0,117,10,0,0,[],[],[],[],[],[],[],[],[],20.0,8.0,0.5,160,80,False,True,False,m/s^2,body_acceleration,"[0.00016430311370640993, 0.0]","[131.81845092773438, 33.236717224121094]","[-1.0, 1.0]"
69,train,client_069_train.npz,client_069_val.npz,,user_1046.csv,KU_HAR,waist,"['acc_mag', 'acc_mag_std']",12403,2,124,81,28,0,10,20,18,"[9, 0, 7, 0, 3, 10, 9, 1, 0, 3, 19, 10, 10]","[2, 0, 2, 0, 1, 3, 2, 1, 0, 1, 6, 3, 7]","[0, 2, 4, 5, 6, 7, 9, 10, 11, 12]","[0, 2, 5, 6, 10, 11, 12]",[],"[4, 7, 9]",[],"[0, 2, 4, 5, 6, 7, 9, 10, 11, 12]","[0, 2, 4, 5, 6, 7, 9, 10, 11, 12]",20.408163265306122,8.0,0.5,160,80,False,True,False,m/s^2,body_acceleration,"[0.00016430311370640993, 0.0]","[131.81845092773438, 33.236717224121094]","[-1.0, 1.0]"
70,train,client_070_train.npz,client_070_val.npz,,user_1047.csv,KU_HAR,waist,"['acc_mag', 'acc_mag_std']",6199,2,67,49,13,0,5,7,6,"[0, 0, 0, 0, 0, 8, 7, 0, 0, 0, 19, 12, 3]","[0, 0, 0, 0, 0, 2, 2, 0, 0, 0, 5, 3, 1]","[5, 6, 10, 11, 12]","[5, 6, 10, 11]",[],[12],[],"[5, 6, 10, 11, 12]","[5, 6, 10, 11, 12]",20.0,8.0,0.5,160,80,False,True,False,m/s^2,body_acceleration,"[0.00016430311370640993, 0.0]","[131.81845092773438, 33.236717224121094]","[-1.0, 1.0]"
71,train,client_071_train.npz,client_071_val.npz,,user_1048.csv,KU_HAR,waist,"['acc_mag', 'acc_mag_std']",6616,2,72,51,15,0,6,8,6,"[0, 0, 0, 0, 1, 11, 5, 0, 0, 0, 20, 10, 4]","[0, 0, 0, 0, 0, 3, 2, 0, 0, 0, 6, 3, 1]","[4, 5, 6, 10, 11, 12]","[5, 6, 10, 11, 12]",[],[],[4],"[4, 5, 6, 10, 11, 12]","[5, 6, 10, 11, 12]",20.0,8.0,0.5,160,80,False,True,False,m/s^2,body_acceleration,"[0.00016430311370640993, 0.0]","[131.81845092773438, 33.236717224121094]","[-1.0, 1.0]"
72,train,client_072_train.npz,client_072_val.npz,,user_1049.csv,KU_HAR,waist,"['acc_mag', 'acc_mag_std']",6707,2,73,52,15,0,5,8,6,"[0, 0, 0, 0, 0, 10, 7, 0, 0, 0, 20, 10, 5]","[0, 0, 0, 0, 0, 3, 2, 0, 0, 0, 6, 3, 1]","[5, 6, 10, 11, 12]","[5, 6, 10, 11, 12]",[],[],[],"[5, 6, 10, 11, 12]","[5, 6, 10, 11, 12]",20.0,8.0,0.5,160,80,False,True,False,m/s^2,body_acceleration,"[0.00016430311370640993, 0.0]","[131.81845092773438, 33.236717224121094]","[-1.0, 1.0]"
73,train,client_073_train.npz,client_073_val.npz,,user_1050.csv,KU_HAR,waist,"['acc_mag', 'acc_mag_std']",5758,2,62,43,13,0,5,7,6,"[0, 0, 0, 0, 0, 9, 4, 0, 0, 0, 21, 6, 3]","[0, 0, 0, 0, 0, 3, 1, 0, 0, 0, 6, 2, 1]","[5, 6, 10, 11, 12]","[5, 6, 10, 11, 12]",[],[],[],"[5, 6, 10, 11, 12]","[5, 6, 10, 11, 12]",20.0,8.0,0.5,160,80,False,True,False,m/s^2,body_acceleration,"[0.00016430311370640993, 0.0]","[131.81845092773438, 33.236717224121094]","[-1.0, 1.0]"
74,train,client_074_train.npz,client_074_val.npz,,user_1051.csv,KU_HAR,waist,"['acc_mag', 'acc_mag_std']",4405,2,48,34,10,0,3,5,4,"[0, 0, 0, 0, 0, 0, 0, 0, 0, 0, 20, 10, 4]","[0, 0, 0, 0, 0, 0, 0, 0, 0, 0, 6, 3, 1]","[10, 11, 12]","[10, 11, 12]",[],[],[],"[10, 11, 12]","[10, 11, 12]",20.0,8.0,0.5,160,80,False,True,False,m/s^2,body_acceleration,"[0.00016430311370640993, 0.0]","[131.81845092773438, 33.236717224121094]","[-1.0, 1.0]"
75,train,client_075_train.npz,client_075_val.npz,,user_1052.csv,KU_HAR,waist,"['acc_mag', 'acc_mag_std']",6499,2,70,49,15,0,5,7,6,"[0, 0, 0, 0, 0, 10, 5, 0, 0, 0, 20, 10, 4]","[0, 0, 0, 0, 0, 3, 2, 0, 0, 0, 6, 3, 1]","[5, 6, 10, 11, 12]","[5, 6, 10, 11, 12]",[],[],[],"[5, 6, 10, 11, 12]","[5, 6, 10, 11, 12]",20.0,8.0,0.5,160,80,False,True,False,m/s^2,body_acceleration,"[0.00016430311370640993, 0.0]","[131.81845092773438, 33.236717224121094]","[-1.0, 1.0]"
76,train,client_076_train.npz,client_076_val.npz,,user_1053.csv,KU_HAR,waist,"['acc_mag', 'acc_mag_std']",5678,2,64,45,14,0,4,5,5,"[0, 0, 0, 0, 0, 10, 5, 0, 0, 0, 20, 10, 0]","[0, 0, 0, 0, 0, 3, 2, 0, 0, 0, 6, 3, 0]","[5, 6, 10, 11]","[5, 6, 10, 11]",[],[],[],"[5, 6, 10, 11]","[5, 6, 10, 11]",20.0,8.0,0.5,160,80,False,True,False,m/s^2,body_acceleration,"[0.00016430311370640993, 0.0]","[131.81845092773438, 33.236717224121094]","[-1.0, 1.0]"
77,train,client_077_train.npz,client_077_val.npz,,user_1054.csv,KU_HAR,waist,"['acc_mag', 'acc_mag_std']",3655,2,42,30,9,0,2,3,3,"[0, 0, 0, 0, 0, 0, 0, 0, 0, 0, 20, 10, 0]","[0, 0, 0, 0, 0, 0, 0, 0, 0, 0, 6, 3, 0]","[10, 11]","[10, 11]",[],[],[],"[10, 11]","[10, 11]",20.0,8.0,0.5,160,80,False,True,False,m/s^2,body_acceleration,"[0.00016430311370640993, 0.0]","[131.81845092773438, 33.236717224121094]","[-1.0, 1.0]"
78,test,,,client_078_test.npz,user_1055.csv,KU_HAR,waist,"['acc_mag', 'acc_mag_std']",7287,2,77,0,0,77,7,0,0,[],[],[],[],[],[],[],[],[],20.0,8.0,0.5,160,80,False,True,False,m/s^2,body_acceleration,"[0.00016430311370640993, 0.0]","[131.81845092773438, 33.236717224121094]","[-1.0, 1.0]"
79,train,client_079_train.npz,client_079_val.npz,,user_1056.csv,KU_HAR,waist,"['acc_mag', 'acc_mag_std']",6741,2,72,51,16,0,6,9,7,"[0, 0, 0, 0, 3, 10, 6, 0, 0, 2, 20, 10, 0]","[0, 0, 0, 0, 1, 3, 2, 0, 0, 1, 6, 3, 0]","[4, 5, 6, 9, 10, 11]","[5, 6, 10, 11]",[],"[4, 9]",[],"[4, 5, 6, 9, 10, 11]","[4, 5, 6, 9, 10, 11]",20.0,8.0,0.5,160,80,False,True,False,m/s^2,body_acceleration,"[0.00016430311370640993, 0.0]","[131.81845092773438, 33.236717224121094]","[-1.0, 1.0]"
80,train,client_080_train.npz,client_080_val.npz,,user_1057.csv,KU_HAR,waist,"['acc_mag', 'acc_mag_std']",6076,2,69,50,14,0,4,5,5,"[0, 0, 0, 0, 0, 10, 5, 0, 0, 0, 24, 11, 0]","[0, 0, 0, 0, 0, 3, 2, 0, 0, 0, 6, 3, 0]","[5, 6, 10, 11]","[5, 6, 10, 11]",[],[],[],"[5, 6, 10, 11]","[5, 6, 10, 11]",20.0,8.0,0.5,160,80,False,True,False,m/s^2,body_acceleration,"[0.00016430311370640993, 0.0]","[131.81845092773438, 33.236717224121094]","[-1.0, 1.0]"
81,train,client_081_train.npz,client_081_val.npz,,user_1058.csv,KU_HAR,waist,"['acc_mag', 'acc_mag_std']",6721,2,70,50,15,0,6,9,7,"[0, 0, 0, 0, 3, 10, 5, 0, 0, 3, 19, 10, 0]","[0, 0, 0, 0, 1, 3, 2, 0, 0, 1, 5, 3, 0]","[4, 5, 6, 9, 10, 11]","[5, 6, 10, 11]",[],"[4, 9]",[],"[4, 5, 6, 9, 10, 11]","[4, 5, 6, 9, 10, 11]",20.0,8.0,0.5,160,80,False,True,False,m/s^2,body_acceleration,"[0.00016430311370640993, 0.0]","[131.81845092773438, 33.236717224121094]","[-1.0, 1.0]"
82,test,,,client_082_test.npz,user_1060.csv,KU_HAR,waist,"['acc_mag', 'acc_mag_std']",7150,2,75,0,0,75,7,0,0,[],[],[],[],[],[],[],[],[],20.0,8.0,0.5,160,80,False,True,False,m/s^2,body_acceleration,"[0.00016430311370640993, 0.0]","[131.81845092773438, 33.236717224121094]","[-1.0, 1.0]"
83,train,client_083_train.npz,client_083_val.npz,,user_1061.csv,KU_HAR,waist,"['acc_mag', 'acc_mag_std']",8061,2,84,58,19,0,7,10,9,"[0, 0, 0, 0, 2, 11, 5, 2, 0, 3, 25, 10, 0]","[0, 0, 0, 0, 1, 3, 2, 1, 0, 2, 7, 3, 0]","[4, 5, 6, 7, 9, 10, 11]","[5, 6, 9, 10, 11]",[],"[4, 7]",[],"[4, 5, 6, 7, 9, 10, 11]","[4, 5, 6, 7, 9, 10, 11]",20.0,8.0,0.5,160,80,False,True,False,m/s^2,body_acceleration,"[0.00016430311370640993, 0.0]","[131.81845092773438, 33.236717224121094]","[-1.0, 1.0]"
84,train,client_084_train.npz,client_084_val.npz,,user_1062.csv,KU_HAR,waist,"['acc_mag', 'acc_mag_std']",5618,2,61,44,13,0,6,7,6,"[0, 0, 0, 0, 3, 15, 4, 0, 0, 1, 11, 10, 0]","[0, 0, 0, 0, 1, 4, 1, 0, 0, 1, 3, 3, 0]","[4, 5, 6, 9, 10, 11]","[5, 6, 10, 11]",[],"[4, 9]",[],"[4, 5, 6, 9, 10, 11]","[4, 5, 6, 9, 10, 11]",20.0,8.0,0.5,160,80,False,True,False,m/s^2,body_acceleration,"[0.00016430311370640993, 0.0]","[131.81845092773438, 33.236717224121094]","[-1.0, 1.0]"
85,train,client_085_train.npz,client_085_val.npz,,user_1063.csv,KU_HAR,waist,"['acc_mag', 'acc_mag_std']",9400,2,104,72,24,0,5,9,9,"[0, 0, 0, 0, 1, 9, 5, 0, 0, 0, 38, 19, 0]","[0, 0, 0, 0, 1, 3, 2, 0, 0, 0, 12, 6, 0]","[4, 5, 6, 10, 11]","[5, 6, 10, 11]",[],[4],[],"[4, 5, 6, 10, 11]","[4, 5, 6, 10, 11]",20.0,8.0,0.5,160,80,False,True,False,m/s^2,body_acceleration,"[0.00016430311370640993, 0.0]","[131.81845092773438, 33.236717224121094]","[-1.0, 1.0]"
86,train,client_086_train.npz,client_086_val.npz,,user_1064.csv,KU_HAR,waist,"['acc_mag', 'acc_mag_std']",6263,2,70,49,15,0,5,6,6,"[0, 0, 0, 0, 1, 10, 5, 0, 0, 0, 20, 13, 0]","[0, 0, 0, 0, 1, 3, 1, 0, 0, 0, 6, 4, 0]","[4, 5, 6, 10, 11]","[4, 5, 6, 10, 11]",[],[],[],"[4, 5, 6, 10, 11]","[4, 5, 6, 10, 11]",20.0,8.0,0.5,160,80,False,True,False,m/s^2,body_acceleration,"[0.00016430311370640993, 0.0]","[131.81845092773438, 33.236717224121094]","[-1.0, 1.0]"
87,train,client_087_train.npz,client_087_val.npz,,user_1065.csv,KU_HAR,waist,"['acc_mag', 'acc_mag_std']",5744,2,64,45,14,0,5,6,6,"[0, 0, 0, 0, 1, 9, 5, 0, 0, 0, 20, 10, 0]","[0, 0, 0, 0, 1, 3, 1, 0, 0, 0, 6, 3, 0]","[4, 5, 6, 10, 11]","[5, 6, 10, 11]",[],[4],[],"[4, 5, 6, 10, 11]","[4, 5, 6, 10, 11]",20.0,8.0,0.5,160,80,False,True,False,m/s^2,body_acceleration,"[0.00016430311370640993, 0.0]","[131.81845092773438, 33.236717224121094]","[-1.0, 1.0]"
88,train,client_088_train.npz,client_088_val.npz,,user_1066.csv,KU_HAR,waist,"['acc_mag', 'acc_mag_std']",5128,2,56,38,13,0,3,5,5,"[0, 0, 0, 0, 0, 9, 1, 0, 0, 0, 28, 0, 0]","[0, 0, 0, 0, 0, 3, 1, 0, 0, 0, 9, 0, 0]","[5, 6, 10]","[5, 6, 10]",[],[],[],"[5, 6, 10]","[5, 6, 10]",20.0,8.0,0.5,160,80,False,True,False,m/s^2,body_acceleration,"[0.00016430311370640993, 0.0]","[131.81845092773438, 33.236717224121094]","[-1.0, 1.0]"
89,train,client_089_train.npz,client_089_val.npz,,user_1067.csv,KU_HAR,waist,"['acc_mag', 'acc_mag_std']",4322,2,48,34,10,0,4,4,4,"[0, 0, 0, 0, 0, 10, 3, 0, 0, 0, 10, 11, 0]","[0, 0, 0, 0, 0, 3, 1, 0, 0, 0, 3, 3, 0]","[5, 6, 10, 11]","[5, 6, 10, 11]",[],[],[],"[5, 6, 10, 11]","[5, 6, 10, 11]",20.0,8.0,0.5,160,80,False,True,False,m/s^2,body_acceleration,"[0.00016430311370640993, 0.0]","[131.81845092773438, 33.236717224121094]","[-1.0, 1.0]"
90,train,client_090_train.npz,client_090_val.npz,,user_1068.csv,KU_HAR,waist,"['acc_mag', 'acc_mag_std']",7477,2,76,57,14,0,5,12,6,"[0, 0, 0, 0, 0, 11, 4, 0, 0, 0, 21, 10, 11]","[0, 0, 0, 0, 0, 3, 1, 0, 0, 0, 6, 3, 1]","[5, 6, 10, 11, 12]","[5, 6, 10, 11]",[],[12],[],"[5, 6, 10, 11, 12]","[5, 6, 10, 11, 12]",20.0,8.0,0.5,160,80,False,True,False,m/s^2,body_acceleration,"[0.00016430311370640993, 0.0]","[131.81845092773438, 33.236717224121094]","[-1.0, 1.0]"
91,train,client_091_train.npz,client_091_val.npz,,user_1069.csv,KU_HAR,waist,"['acc_mag', 'acc_mag_std']",6972,2,74,51,16,0,6,9,8,"[0, 0, 0, 0, 3, 10, 5, 0, 0, 4, 19, 10, 0]","[0, 0, 0, 0, 1, 3, 1, 0, 0, 2, 6, 3, 0]","[4, 5, 6, 9, 10, 11]","[5, 6, 9, 10, 11]",[],[4],[],"[4, 5, 6, 9, 10, 11]","[4, 5, 6, 9, 10, 11]",20.0,8.0,0.5,160,80,False,True,False,m/s^2,body_acceleration,"[0.00016430311370640993, 0.0]","[131.81845092773438, 33.236717224121094]","[-1.0, 1.0]"
92,test,,,client_092_test.npz,user_1070.csv,KU_HAR,waist,"['acc_mag', 'acc_mag_std']",7247,2,76,0,0,76,6,0,0,[],[],[],[],[],[],[],[],[],20.0,8.0,0.5,160,80,False,True,False,m/s^2,body_acceleration,"[0.00016430311370640993, 0.0]","[131.81845092773438, 33.236717224121094]","[-1.0, 1.0]"
93,train,client_093_train.npz,client_093_val.npz,,user_1071.csv,KU_HAR,waist,"['acc_mag', 'acc_mag_std']",10879,2,114,76,25,0,6,15,13,"[0, 0, 0, 0, 5, 19, 8, 0, 0, 4, 20, 20, 0]","[0, 0, 0, 0, 1, 6, 2, 0, 0, 4, 6, 6, 0]","[4, 5, 6, 9, 10, 11]","[4, 5, 6, 9, 10, 11]",[],[],[],"[4, 5, 6, 9, 10, 11]","[4, 5, 6, 9, 10, 11]",20.0,8.0,0.5,160,80,False,True,False,m/s^2,body_acceleration,"[0.00016430311370640993, 0.0]","[131.81845092773438, 33.236717224121094]","[-1.0, 1.0]"
94,test,,,client_094_test.npz,user_1072.csv,KU_HAR,waist,"['acc_mag', 'acc_mag_std']",5809,2,66,0,0,66,4,0,0,[],[],[],[],[],[],[],[],[],20.0,8.0,0.5,160,80,False,True,False,m/s^2,body_acceleration,"[0.00016430311370640993, 0.0]","[131.81845092773438, 33.236717224121094]","[-1.0, 1.0]"
95,train,client_095_train.npz,client_095_val.npz,,user_1073.csv,KU_HAR,waist,"['acc_mag', 'acc_mag_std']",3743,2,42,30,9,0,2,3,3,"[0, 0, 0, 0, 0, 0, 0, 0, 0, 0, 20, 10, 0]","[0, 0, 0, 0, 0, 0, 0, 0, 0, 0, 6, 3, 0]","[10, 11]","[10, 11]",[],[],[],"[10, 11]","[10, 11]",20.0,8.0,0.5,160,80,False,True,False,m/s^2,body_acceleration,"[0.00016430311370640993, 0.0]","[131.81845092773438, 33.236717224121094]","[-1.0, 1.0]"
96,train,client_096_train.npz,client_096_val.npz,,user_1074.csv,KU_HAR,waist,"['acc_mag', 'acc_mag_std']",5165,2,52,37,11,0,4,7,5,"[0, 0, 0, 0, 2, 10, 0, 0, 0, 3, 0, 22, 0]","[0, 0, 0, 0, 1, 3, 0, 0, 0, 1, 0, 6, 0]","[4, 5, 9, 11]","[5, 9, 11]",[],[4],[],"[4, 5, 9, 11]","[4, 5, 9, 11]",20.0,8.0,0.5,160,80,False,True,False,m/s^2,body_acceleration,"[0.00016430311370640993, 0.0]","[131.81845092773438, 33.236717224121094]","[-1.0, 1.0]"
97,train,client_097_train.npz,client_097_val.npz,,user_1075.csv,KU_HAR,waist,"['acc_mag', 'acc_mag_std']",5760,2,64,46,14,0,5,6,5,"[0, 0, 0, 0, 2, 18, 5, 0, 0, 0, 10, 11, 0]","[0, 0, 0, 0, 1, 5, 2, 0, 0, 0, 3, 3, 0]","[4, 5, 6, 10, 11]","[5, 6, 10, 11]",[],[4],[],"[4, 5, 6, 10, 11]","[4, 5, 6, 10, 11]",20.0,8.0,0.5,160,80,False,True,False,m/s^2,body_acceleration,"[0.00016430311370640993, 0.0]","[131.81845092773438, 33.236717224121094]","[-1.0, 1.0]"
98,train,client_098_train.npz,client_098_val.npz,,user_1076.csv,KU_HAR,waist,"['acc_mag', 'acc_mag_std']",8939,2,98,67,22,0,6,10,10,"[0, 0, 0, 0, 2, 10, 12, 1, 0, 0, 32, 10, 0]","[0, 0, 0, 0, 2, 3, 4, 1, 0, 0, 9, 3, 0]","[4, 5, 6, 7, 10, 11]","[4, 5, 6, 10, 11]",[],[7],[],"[4, 5, 6, 7, 10, 11]","[4, 5, 6, 7, 10, 11]",20.0,8.0,0.5,160,80,False,True,False,m/s^2,body_acceleration,"[0.00016430311370640993, 0.0]","[131.81845092773438, 33.236717224121094]","[-1.0, 1.0]"
99,train,client_099_train.npz,client_099_val.npz,,user_1077.csv,KU_HAR,waist,"['acc_mag', 'acc_mag_std']",7634,2,80,53,18,0,7,10,10,"[0, 0, 0, 0, 2, 11, 5, 1, 0, 3, 21, 10, 0]","[0, 0, 0, 0, 2, 3, 1, 1, 0, 2, 6, 3, 0]","[4, 5, 6, 7, 9, 10, 11]","[4, 5, 6, 9, 10, 11]",[],[7],[],"[4, 5, 6, 7, 9, 10, 11]","[4, 5, 6, 7, 9, 10, 11]",20.0,8.0,0.5,160,80,False,True,False,m/s^2,body_acceleration,"[0.00016430311370640993, 0.0]","[131.81845092773438, 33.236717224121094]","[-1.0, 1.0]"
100,train,client_100_train.npz,client_100_val.npz,,user_1078.csv,KU_HAR,waist,"['acc_mag', 'acc_mag_std']",6226,2,67,48,14,0,5,7,6,"[0, 0, 0, 0, 3, 10, 5, 0, 0, 0, 20, 10, 0]","[0, 0, 0, 0, 1, 3, 1, 0, 0, 0, 6, 3, 0]","[4, 5, 6, 10, 11]","[5, 6, 10, 11]",[],[4],[],"[4, 5, 6, 10, 11]","[4, 5, 6, 10, 11]",20.0,8.0,0.5,160,80,False,True,False,m/s^2,body_acceleration,"[0.00016430311370640993, 0.0]","[131.81845092773438, 33.236717224121094]","[-1.0, 1.0]"
101,train,client_101_train.npz,client_101_val.npz,,user_1079.csv,KU_HAR,waist,"['acc_mag', 'acc_mag_std']",6637,2,72,52,15,0,5,7,6,"[0, 0, 0, 0, 3, 12, 6, 0, 0, 0, 21, 10, 0]","[0, 0, 0, 0, 1, 3, 2, 0, 0, 0, 6, 3, 0]","[4, 5, 6, 10, 11]","[5, 6, 10, 11]",[],[4],[],"[4, 5, 6, 10, 11]","[4, 5, 6, 10, 11]",20.0,8.0,0.5,160,80,False,True,False,m/s^2,body_acceleration,"[0.00016430311370640993, 0.0]","[131.81845092773438, 33.236717224121094]","[-1.0, 1.0]"
102,test,,,client_102_test.npz,user_1080.csv,KU_HAR,waist,"['acc_mag', 'acc_mag_std']",2249,2,15,0,0,15,1,0,0,[],[],[],[],[],[],[],[],[],20.0,8.0,0.5,160,80,False,True,False,m/s^2,body_acceleration,"[0.00016430311370640993, 0.0]","[131.81845092773438, 33.236717224121094]","[-1.0, 1.0]"
103,train,client_103_train.npz,client_103_val.npz,,user_1081.csv,KU_HAR,waist,"['acc_mag', 'acc_mag_std']",1838,2,13,7,3,0,1,6,3,"[0, 0, 0, 0, 0, 0, 0, 0, 0, 0, 0, 0, 7]","[0, 0, 0, 0, 0, 0, 0, 0, 0, 0, 0, 0, 3]",[12],[12],[],[],[],[12],[12],20.0,8.0,0.5,160,80,False,True,False,m/s^2,body_acceleration,"[0.00016430311370640993, 0.0]","[131.81845092773438, 33.236717224121094]","[-1.0, 1.0]"
104,train,client_104_train.npz,client_104_val.npz,,user_1082.csv,KU_HAR,waist,"['acc_mag', 'acc_mag_std']",15034,2,133,61,37,0,2,35,35,"[0, 0, 0, 0, 0, 0, 0, 42, 0, 19, 0, 0, 0]","[0, 0, 0, 0, 0, 0, 0, 30, 0, 7, 0, 0, 0]","[7, 9]","[7, 9]",[],[],[],"[7, 9]","[7, 9]",19.607843137254903,8.0,0.5,160,80,False,True,False,m/s^2,body_acceleration,"[0.00016430311370640993, 0.0]","[131.81845092773438, 33.236717224121094]","[-1.0, 1.0]"
106,train,client_106_train.npz,client_106_val.npz,,user_11.csv,HAPT,waist,"['acc_mag', 'acc_mag_std']",9301,2,66,49,16,0,6,1,1,"[4, 0, 3, 0, 0, 11, 0, 0, 0, 0, 10, 10, 11]","[5, 0, 3, 0, 0, 1, 0, 0, 0, 0, 1, 1, 5]","[0, 2, 5, 10, 11, 12]","[0, 2, 12]",[],"[5, 10, 11]",[],"[0, 2, 5, 10, 11, 12]","[0, 2, 5, 10, 11, 12]",20.0,8.0,0.5,160,80,True,False,True,m/s^2,body_acceleration,"[0.00016430311370640993, 0.0]","[131.81845092773438, 33.236717224121094]","[-1.0, 1.0]"
107,train,client_107_train.npz,client_107_val.npz,,user_1101.csv,KU_HAR,waist,"['acc_mag', 'acc_mag_std']",12894,2,136,90,30,0,3,16,16,"[0, 0, 0, 0, 53, 0, 0, 10, 27, 0, 0, 0, 0]","[0, 0, 0, 0, 15, 0, 0, 8, 7, 0, 0, 0, 0]","[4, 7, 8]","[4, 7, 8]",[],[],[],"[4, 7, 8]","[4, 7, 8]",20.833333333333332,8.0,0.5,160,80,False,True,False,m/s^2,body_acceleration,"[0.00016430311370640993, 0.0]","[131.81845092773438, 33.236717224121094]","[-1.0, 1.0]"
108,train,client_108_train.npz,client_108_val.npz,,user_12.csv,HAPT,waist,"['acc_mag', 'acc_mag_std']",9487,2,67,51,15,0,6,1,1,"[4, 0, 4, 0, 0, 12, 0, 0, 0, 0, 11, 12, 8]","[3, 0, 3, 0, 0, 1, 0, 0, 0, 0, 1, 1, 6]","[0, 2, 5, 10, 11, 12]","[0, 2, 5, 12]",[],"[10, 11]",[],"[0, 2, 5, 10, 11, 12]","[0, 2, 5, 10, 11, 12]",20.0,8.0,0.5,160,80,True,False,True,m/s^2,body_acceleration,"[0.00016430311370640993, 0.0]","[131.81845092773438, 33.236717224121094]","[-1.0, 1.0]"
109,train,client_109_train.npz,client_109_val.npz,,user_13.csv,HAPT,waist,"['acc_mag', 'acc_mag_std']",9539,2,68,51,16,0,6,1,1,"[7, 0, 3, 0, 0, 13, 0, 0, 0, 0, 9, 11, 8]","[3, 0, 3, 0, 0, 1, 0, 0, 0, 0, 1, 1, 7]","[0, 2, 5, 10, 11, 12]","[0, 2, 5, 12]",[],"[10, 11]",[],"[0, 2, 5, 10, 11, 12]","[0, 2, 5, 10, 11, 12]",20.0,8.0,0.5,160,80,True,False,True,m/s^2,body_acceleration,"[0.00016430311370640993, 0.0]","[131.81845092773438, 33.236717224121094]","[-1.0, 1.0]"
110,train,client_110_train.npz,client_110_val.npz,,user_14.csv,HAPT,waist,"['acc_mag', 'acc_mag_std']",9320,2,66,49,16,0,6,1,1,"[3, 0, 4, 0, 0, 8, 0, 0, 0, 0, 11, 13, 10]","[5, 0, 2, 0, 0, 1, 0, 0, 0, 0, 1, 1, 6]","[0, 2, 5, 10, 11, 12]","[0, 2, 12]",[],"[5, 10, 11]",[],"[0, 2, 5, 10, 11, 12]","[0, 2, 5, 10, 11, 12]",20.0,8.0,0.5,160,80,True,False,True,m/s^2,body_acceleration,"[0.00016430311370640993, 0.0]","[131.81845092773438, 33.236717224121094]","[-1.0, 1.0]"
111,train,client_111_train.npz,client_111_val.npz,,user_15.csv,HAPT,waist,"['acc_mag', 'acc_mag_std']",9666,2,70,53,16,0,6,1,1,"[4, 0, 2, 0, 0, 16, 0, 0, 0, 0, 12, 11, 8]","[3, 0, 2, 0, 0, 2, 0, 0, 0, 0, 1, 1, 7]","[0, 2, 5, 10, 11, 12]","[0, 2, 5, 12]",[],"[10, 11]",[],"[0, 2, 5, 10, 11, 12]","[0, 2, 5, 10, 11, 12]",20.0,8.0,0.5,160,80,True,False,True,m/s^2,body_acceleration,"[0.00016430311370640993, 0.0]","[131.81845092773438, 33.236717224121094]","[-1.0, 1.0]"
112,train,client_112_train.npz,client_112_val.npz,,user_16.csv,HAPT,waist,"['acc_mag', 'acc_mag_std']",10404,2,79,60,18,0,6,1,1,"[4, 0, 3, 0, 0, 12, 0, 0, 0, 0, 14, 19, 8]","[4, 0, 2, 0, 0, 3, 0, 0, 0, 0, 1, 1, 7]","[0, 2, 5, 10, 11, 12]","[0, 2, 5, 12]",[],"[10, 11]",[],"[0, 2, 5, 10, 11, 12]","[0, 2, 5, 10, 11, 12]",20.0,8.0,0.5,160,80,True,False,True,m/s^2,body_acceleration,"[0.00016430311370640993, 0.0]","[131.81845092773438, 33.236717224121094]","[-1.0, 1.0]"
113,train,client_113_train.npz,client_113_val.npz,,user_17.csv,HAPT,waist,"['acc_mag', 'acc_mag_std']",10785,2,83,63,19,0,6,1,1,"[3, 0, 3, 0, 0, 15, 0, 0, 0, 0, 13, 20, 9]","[3, 0, 3, 0, 0, 3, 0, 0, 0, 0, 1, 1, 8]","[0, 2, 5, 10, 11, 12]","[0, 2, 5, 12]",[],"[10, 11]",[],"[0, 2, 5, 10, 11, 12]","[0, 2, 5, 10, 11, 12]",20.0,8.0,0.5,160,80,True,False,True,m/s^2,body_acceleration,"[0.00016430311370640993, 0.0]","[131.81845092773438, 33.236717224121094]","[-1.0, 1.0]"
114,train,client_114_train.npz,client_114_val.npz,,user_18.csv,HAPT,waist,"['acc_mag', 'acc_mag_std']",10789,2,83,63,19,0,6,1,1,"[3, 0, 6, 0, 0, 15, 0, 0, 0, 0, 12, 19, 8]","[3, 0, 5, 0, 0, 1, 0, 0, 0, 0, 1, 1, 8]","[0, 2, 5, 10, 11, 12]","[0, 2, 5, 12]",[],"[10, 11]",[],"[0, 2, 5, 10, 11, 12]","[0, 2, 5, 10, 11, 12]",20.0,8.0,0.5,160,80,True,False,True,m/s^2,body_acceleration,"[0.00016430311370640993, 0.0]","[131.81845092773438, 33.236717224121094]","[-1.0, 1.0]"
115,train,client_115_train.npz,client_115_val.npz,,user_19.csv,HAPT,waist,"['acc_mag', 'acc_mag_std']",10384,2,80,62,17,0,6,1,1,"[3, 0, 2, 0, 0, 16, 0, 0, 0, 0, 16, 17, 8]","[1, 0, 3, 0, 0, 4, 0, 0, 0, 0, 1, 1, 7]","[0, 2, 5, 10, 11, 12]","[0, 2, 5, 10, 12]",[],[11],[],"[0, 2, 5, 10, 11, 12]","[0, 2, 5, 10, 11, 12]",20.0,8.0,0.5,160,80,True,False,True,m/s^2,body_acceleration,"[0.00016430311370640993, 0.0]","[131.81845092773438, 33.236717224121094]","[-1.0, 1.0]"
116,test,,,client_116_test.npz,user_2.csv,HAPT,waist,"['acc_mag', 'acc_mag_std']",8928,2,62,0,0,62,6,0,0,[],[],[],[],[],[],[],[],[],20.0,8.0,0.5,160,80,True,False,True,m/s^2,body_acceleration,"[0.00016430311370640993, 0.0]","[131.81845092773438, 33.236717224121094]","[-1.0, 1.0]"
117,test,,,client_117_test.npz,user_20.csv,HAPT,waist,"['acc_mag', 'acc_mag_std']",10296,2,78,0,0,78,6,0,0,[],[],[],[],[],[],[],[],[],20.0,8.0,0.5,160,80,True,False,True,m/s^2,body_acceleration,"[0.00016430311370640993, 0.0]","[131.81845092773438, 33.236717224121094]","[-1.0, 1.0]"
118,test,,,client_118_test.npz,user_21.csv,HAPT,waist,"['acc_mag', 'acc_mag_std']",11705,2,96,0,0,96,6,0,0,[],[],[],[],[],[],[],[],[],20.0,8.0,0.5,160,80,True,False,True,m/s^2,body_acceleration,"[0.00016430311370640993, 0.0]","[131.81845092773438, 33.236717224121094]","[-1.0, 1.0]"
119,test,,,client_119_test.npz,user_22.csv,HAPT,waist,"['acc_mag', 'acc_mag_std']",9417,2,66,0,0,66,6,0,0,[],[],[],[],[],[],[],[],[],20.0,8.0,0.5,160,80,True,False,True,m/s^2,body_acceleration,"[0.00016430311370640993, 0.0]","[131.81845092773438, 33.236717224121094]","[-1.0, 1.0]"
120,train,client_120_train.npz,client_120_val.npz,,user_23.csv,HAPT,waist,"['acc_mag', 'acc_mag_std']",10616,2,81,61,19,0,6,1,1,"[3, 0, 4, 0, 0, 15, 0, 0, 0, 0, 13, 17, 9]","[4, 0, 4, 0, 0, 1, 0, 0, 0, 0, 1, 1, 8]","[0, 2, 5, 10, 11, 12]","[0, 2, 12]",[],"[5, 10, 11]",[],"[0, 2, 5, 10, 11, 12]","[0, 2, 5, 10, 11, 12]",20.0,8.0,0.5,160,80,True,False,True,m/s^2,body_acceleration,"[0.00016430311370640993, 0.0]","[131.81845092773438, 33.236717224121094]","[-1.0, 1.0]"
121,train,client_121_train.npz,client_121_val.npz,,user_24.csv,HAPT,waist,"['acc_mag', 'acc_mag_std']",10999,2,87,66,20,0,6,1,1,"[5, 0, 5, 0, 0, 16, 0, 0, 0, 0, 15, 17, 8]","[6, 0, 3, 0, 0, 1, 0, 0, 0, 0, 1, 1, 8]","[0, 2, 5, 10, 11, 12]","[0, 2, 12]",[],"[5, 10, 11]",[],"[0, 2, 5, 10, 11, 12]","[0, 2, 5, 10, 11, 12]",20.0,8.0,0.5,160,80,True,False,True,m/s^2,body_acceleration,"[0.00016430311370640993, 0.0]","[131.81845092773438, 33.236717224121094]","[-1.0, 1.0]"
122,test,,,client_122_test.npz,user_25.csv,HAPT,waist,"['acc_mag', 'acc_mag_std']",11632,2,94,0,0,94,6,0,0,[],[],[],[],[],[],[],[],[],20.0,8.0,0.5,160,80,True,False,True,m/s^2,body_acceleration,"[0.00016430311370640993, 0.0]","[131.81845092773438, 33.236717224121094]","[-1.0, 1.0]"
123,train,client_123_train.npz,client_123_val.npz,,user_26.csv,HAPT,waist,"['acc_mag', 'acc_mag_std']",11228,2,90,68,21,0,6,1,1,"[3, 0, 5, 0, 0, 16, 0, 0, 0, 0, 18, 19, 7]","[4, 0, 5, 0, 0, 1, 0, 0, 0, 0, 1, 1, 9]","[0, 2, 5, 10, 11, 12]","[0, 2, 12]",[],"[5, 10, 11]",[],"[0, 2, 5, 10, 11, 12]","[0, 2, 5, 10, 11, 12]",20.0,8.0,0.5,160,80,True,False,True,m/s^2,body_acceleration,"[0.00016430311370640993, 0.0]","[131.81845092773438, 33.236717224121094]","[-1.0, 1.0]"
124,train,client_124_train.npz,client_124_val.npz,,user_27.csv,HAPT,waist,"['acc_mag', 'acc_mag_std']",10934,2,85,65,19,0,6,1,1,"[3, 0, 3, 0, 0, 15, 0, 0, 0, 0, 15, 21, 8]","[4, 0, 3, 0, 0, 2, 0, 0, 0, 0, 1, 1, 8]","[0, 2, 5, 10, 11, 12]","[0, 2, 5, 12]",[],"[10, 11]",[],"[0, 2, 5, 10, 11, 12]","[0, 2, 5, 10, 11, 12]",20.0,8.0,0.5,160,80,True,False,True,m/s^2,body_acceleration,"[0.00016430311370640993, 0.0]","[131.81845092773438, 33.236717224121094]","[-1.0, 1.0]"
125,train,client_125_train.npz,client_125_val.npz,,user_28.csv,HAPT,waist,"['acc_mag', 'acc_mag_std']",10934,2,85,65,19,0,6,1,1,"[5, 0, 3, 0, 0, 15, 0, 0, 0, 0, 15, 19, 8]","[3, 0, 2, 0, 0, 4, 0, 0, 0, 0, 1, 1, 8]","[0, 2, 5, 10, 11, 12]","[0, 2, 5, 12]",[],"[10, 11]",[],"[0, 2, 5, 10, 11, 12]","[0, 2, 5, 10, 11, 12]",20.0,8.0,0.5,160,80,True,False,True,m/s^2,body_acceleration,"[0.00016430311370640993, 0.0]","[131.81845092773438, 33.236717224121094]","[-1.0, 1.0]"
126,test,,,client_126_test.npz,user_29.csv,HAPT,waist,"['acc_mag', 'acc_mag_std']",9964,2,73,0,0,73,6,0,0,[],[],[],[],[],[],[],[],[],20.0,8.0,0.5,160,80,True,False,True,m/s^2,body_acceleration,"[0.00016430311370640993, 0.0]","[131.81845092773438, 33.236717224121094]","[-1.0, 1.0]"
127,train,client_127_train.npz,client_127_val.npz,,user_3.csv,HAPT,waist,"['acc_mag', 'acc_mag_std']",9969,2,72,54,17,0,6,1,1,"[6, 0, 3, 0, 0, 13, 0, 0, 0, 0, 9, 14, 9]","[3, 0, 4, 0, 0, 1, 0, 0, 0, 0, 1, 1, 7]","[0, 2, 5, 10, 11, 12]","[0, 2, 12]",[],"[5, 10, 11]",[],"[0, 2, 5, 10, 11, 12]","[0, 2, 5, 10, 11, 12]",20.0,8.0,0.5,160,80,True,False,True,m/s^2,body_acceleration,"[0.00016430311370640993, 0.0]","[131.81845092773438, 33.236717224121094]","[-1.0, 1.0]"
128,train,client_128_train.npz,client_128_val.npz,,user_30.csv,HAPT,waist,"['acc_mag', 'acc_mag_std']",11170,2,88,66,21,0,6,1,1,"[7, 0, 7, 0, 0, 16, 0, 0, 0, 0, 14, 13, 9]","[5, 0, 4, 0, 0, 1, 0, 0, 0, 0, 1, 1, 9]","[0, 2, 5, 10, 11, 12]","[0, 2, 12]",[],"[5, 10, 11]",[],"[0, 2, 5, 10, 11, 12]","[0, 2, 5, 10, 11, 12]",20.0,8.0,0.5,160,80,True,False,True,m/s^2,body_acceleration,"[0.00016430311370640993, 0.0]","[131.81845092773438, 33.236717224121094]","[-1.0, 1.0]"
129,train,client_129_train.npz,client_129_val.npz,,user_4.csv,HAPT,waist,"['acc_mag', 'acc_mag_std']",9149,2,63,46,16,0,6,1,1,"[5, 0, 3, 0, 0, 9, 0, 0, 0, 0, 8, 12, 9]","[3, 0, 3, 0, 0, 1, 0, 0, 0, 0, 1, 1, 7]","[0, 2, 5, 10, 11, 12]","[0, 2, 12]",[],"[5, 10, 11]",[],"[0, 2, 5, 10, 11, 12]","[0, 2, 5, 10, 11, 12]",20.0,8.0,0.5,160,80,True,False,True,m/s^2,body_acceleration,"[0.00016430311370640993, 0.0]","[131.81845092773438, 33.236717224121094]","[-1.0, 1.0]"
130,train,client_130_train.npz,client_130_val.npz,,user_5.csv,HAPT,waist,"['acc_mag', 'acc_mag_std']",8847,2,60,44,15,0,6,1,1,"[4, 0, 4, 0, 0, 10, 0, 0, 0, 0, 7, 11, 8]","[3, 0, 3, 0, 0, 1, 0, 0, 0, 0, 1, 1, 6]","[0, 2, 5, 10, 11, 12]","[0, 2, 12]",[],"[5, 10, 11]",[],"[0, 2, 5, 10, 11, 12]","[0, 2, 5, 10, 11, 12]",20.0,8.0,0.5,160,80,True,False,True,m/s^2,body_acceleration,"[0.00016430311370640993, 0.0]","[131.81845092773438, 33.236717224121094]","[-1.0, 1.0]"
131,train,client_131_train.npz,client_131_val.npz,,user_6.csv,HAPT,waist,"['acc_mag', 'acc_mag_std']",9384,2,67,50,16,0,6,1,1,"[3, 0, 3, 0, 0, 12, 0, 0, 0, 0, 11, 12, 9]","[4, 0, 3, 0, 0, 1, 0, 0, 0, 0, 1, 1, 6]","[0, 2, 5, 10, 11, 12]","[0, 2, 12]",[],"[5, 10, 11]",[],"[0, 2, 5, 10, 11, 12]","[0, 2, 5, 10, 11, 12]",20.0,8.0,0.5,160,80,True,False,True,m/s^2,body_acceleration,"[0.00016430311370640993, 0.0]","[131.81845092773438, 33.236717224121094]","[-1.0, 1.0]"
132,train,client_132_train.npz,client_132_val.npz,,user_7.csv,HAPT,waist,"['acc_mag', 'acc_mag_std']",8906,2,60,44,15,0,6,1,1,"[4, 0, 3, 0, 0, 7, 0, 0, 0, 0, 9, 11, 10]","[3, 0, 3, 0, 0, 1, 0, 0, 0, 0, 1, 1, 6]","[0, 2, 5, 10, 11, 12]","[0, 2, 12]",[],"[5, 10, 11]",[],"[0, 2, 5, 10, 11, 12]","[0, 2, 5, 10, 11, 12]",20.0,8.0,0.5,160,80,True,False,True,m/s^2,body_acceleration,"[0.00016430311370640993, 0.0]","[131.81845092773438, 33.236717224121094]","[-1.0, 1.0]"
133,train,client_133_train.npz,client_133_val.npz,,user_8.csv,HAPT,waist,"['acc_mag', 'acc_mag_std']",8410,2,54,40,13,0,6,1,1,"[3, 0, 2, 0, 0, 10, 0, 0, 0, 0, 7, 11, 7]","[3, 0, 1, 0, 0, 1, 0, 0, 0, 0, 1, 1, 6]","[0, 2, 5, 10, 11, 12]","[0, 2, 5, 12]",[],"[10, 11]",[],"[0, 2, 5, 10, 11, 12]","[0, 2, 5, 10, 11, 12]",20.0,8.0,0.5,160,80,True,False,True,m/s^2,body_acceleration,"[0.00016430311370640993, 0.0]","[131.81845092773438, 33.236717224121094]","[-1.0, 1.0]"
134,train,client_134_train.npz,client_134_val.npz,,user_9.csv,HAPT,waist,"['acc_mag', 'acc_mag_std']",8800,2,59,43,15,0,6,1,1,"[4, 0, 3, 0, 0, 11, 0, 0, 0, 0, 9, 9, 7]","[3, 0, 3, 0, 0, 1, 0, 0, 0, 0, 1, 1, 6]","[0, 2, 5, 10, 11, 12]","[0, 2, 12]",[],"[5, 10, 11]",[],"[0, 2, 5, 10, 11, 12]","[0, 2, 5, 10, 11, 12]",20.0,8.0,0.5,160,80,True,False,True,m/s^2,body_acceleration,"[0.00016430311370640993, 0.0]","[131.81845092773438, 33.236717224121094]","[-1.0, 1.0]"
135,test,,,client_135_test.npz,user_a.csv,HHAR,waist,"['acc_mag', 'acc_mag_std']",27001,2,293,0,0,293,6,0,0,[],[],[],[],[],[],[],[],[],20.0,8.0,0.5,160,80,False,False,True,m/s^2,body_acceleration,"[0.00016430311370640993, 0.0]","[131.81845092773438, 33.236717224121094]","[-1.0, 1.0]"
136,train,client_136_train.npz,client_136_val.npz,,user_b.csv,HHAR,waist,"['acc_mag', 'acc_mag_std']",27111,2,280,196,56,0,6,38,28,"[20, 39, 28, 0, 0, 0, 0, 0, 0, 0, 26, 23, 60]","[12, 11, 3, 0, 0, 0, 0, 0, 0, 0, 8, 6, 16]","[0, 1, 2, 10, 11, 12]","[0, 1, 2, 10, 11, 12]",[],[],[],"[0, 1, 2, 10, 11, 12]","[0, 1, 2, 10, 11, 12]",20.0,8.0,0.5,160,80,False,False,True,m/s^2,body_acceleration,"[0.00016430311370640993, 0.0]","[131.81845092773438, 33.236717224121094]","[-1.0, 1.0]"
137,train,client_137_train.npz,client_137_val.npz,,user_c.csv,HHAR,waist,"['acc_mag', 'acc_mag_std']",21905,2,226,161,44,0,6,25,21,"[36, 5, 20, 0, 0, 0, 0, 0, 0, 0, 44, 12, 44]","[12, 1, 3, 0, 0, 0, 0, 0, 0, 0, 11, 5, 12]","[0, 1, 2, 10, 11, 12]","[0, 1, 2, 10, 11, 12]",[],[],[],"[0, 1, 2, 10, 11, 12]","[0, 1, 2, 10, 11, 12]",20.0,8.0,0.5,160,80,False,False,True,m/s^2,body_acceleration,"[0.00016430311370640993, 0.0]","[131.81845092773438, 33.236717224121094]","[-1.0, 1.0]"
138,train,client_138_train.npz,client_138_val.npz,,user_d.csv,HHAR,waist,"['acc_mag', 'acc_mag_std']",28139,2,303,225,60,0,6,21,18,"[37, 20, 19, 0, 0, 0, 0, 0, 0, 0, 44, 45, 60]","[7, 6, 9, 0, 0, 0, 0, 0, 0, 0, 12, 11, 15]","[0, 1, 2, 10, 11, 12]","[0, 1, 2, 10, 11, 12]",[],[],[],"[0, 1, 2, 10, 11, 12]","[0, 1, 2, 10, 11, 12]",20.0,8.0,0.5,160,80,False,False,True,m/s^2,body_acceleration,"[0.00016430311370640993, 0.0]","[131.81845092773438, 33.236717224121094]","[-1.0, 1.0]"
139,train,client_139_train.npz,client_139_val.npz,,user_e.csv,HHAR,waist,"['acc_mag', 'acc_mag_std']",27016,2,281,208,55,0,6,32,18,"[22, 26, 13, 0, 0, 0, 0, 0, 0, 0, 51, 38, 58]","[5, 8, 3, 0, 0, 0, 0, 0, 0, 0, 13, 11, 15]","[0, 1, 2, 10, 11, 12]","[0, 1, 2, 10, 11, 12]",[],[],[],"[0, 1, 2, 10, 11, 12]","[0, 1, 2, 10, 11, 12]",20.0,8.0,0.5,160,80,False,False,True,m/s^2,body_acceleration,"[0.00016430311370640993, 0.0]","[131.81845092773438, 33.236717224121094]","[-1.0, 1.0]"
140,train,client_140_train.npz,client_140_val.npz,,user_f.csv,HHAR,waist,"['acc_mag', 'acc_mag_std']",29117,2,309,223,62,0,6,31,24,"[35, 20, 28, 0, 0, 0, 0, 0, 0, 0, 47, 37, 56]","[10, 8, 8, 0, 0, 0, 0, 0, 0, 0, 12, 9, 15]","[0, 1, 2, 10, 11, 12]","[0, 1, 2, 10, 11, 12]",[],[],[],"[0, 1, 2, 10, 11, 12]","[0, 1, 2, 10, 11, 12]",20.0,8.0,0.5,160,80,False,False,True,m/s^2,body_acceleration,"[0.00016430311370640993, 0.0]","[131.81845092773438, 33.236717224121094]","[-1.0, 1.0]"
141,train,client_141_train.npz,client_141_val.npz,,user_g.csv,HHAR,waist,"['acc_mag', 'acc_mag_std']",26265,2,269,193,51,0,6,37,25,"[18, 21, 22, 0, 0, 0, 0, 0, 0, 0, 52, 32, 48]","[7, 4, 3, 0, 0, 0, 0, 0, 0, 0, 14, 9, 14]","[0, 1, 2, 10, 11, 12]","[0, 1, 2, 10, 11, 12]",[],[],[],"[0, 1, 2, 10, 11, 12]","[0, 1, 2, 10, 11, 12]",20.0,8.0,0.5,160,80,False,False,True,m/s^2,body_acceleration,"[0.00016430311370640993, 0.0]","[131.81845092773438, 33.236717224121094]","[-1.0, 1.0]"
142,test,,,client_142_test.npz,user_h.csv,HHAR,waist,"['acc_mag', 'acc_mag_std']",25680,2,258,0,0,258,6,0,0,[],[],[],[],[],[],[],[],[],20.0,8.0,0.5,160,80,False,False,True,m/s^2,body_acceleration,"[0.00016430311370640993, 0.0]","[131.81845092773438, 33.236717224121094]","[-1.0, 1.0]"
143,train,client_143_train.npz,client_143_val.npz,,user_i.csv,HHAR,waist,"['acc_mag', 'acc_mag_std']",28685,2,305,225,60,0,6,30,20,"[20, 21, 24, 0, 0, 0, 0, 0, 0, 0, 57, 45, 58]","[7, 6, 5, 0, 0, 0, 0, 0, 0, 0, 15, 12, 15]","[0, 1, 2, 10, 11, 12]","[0, 1, 2, 10, 11, 12]",[],[],[],"[0, 1, 2, 10, 11, 12]","[0, 1, 2, 10, 11, 12]",20.0,8.0,0.5,160,80,False,False,True,m/s^2,body_acceleration,"[0.00016430311370640993, 0.0]","[131.81845092773438, 33.236717224121094]","[-1.0, 1.0]"
