server_round,client_id,num_train_examples,train_loss,fit_duration_sec,local_eval_duration_sec,train_val_loss,train_val_accuracy,train_val_macro_f1,train_val_weighted_f1,chunk_start_idx,chunk_end_idx,chunk_class_counts,chunk_present_class_ids,chunk_present_class_names,chunk_majority_class_id,chunk_majority_class_name,num_present_classes_in_chunk,global_model_total_l2,val_class_counts,val_present_class_ids,val_present_class_names,val_majority_class_id,val_majority_class_name,replay_windows_used,replay_buffer_size_after_update,num_train_examples_actual,num_train_examples_with_replay,replay_missing_class_windows_used,replay_class_counts_used,replay_class_ids_used,replay_class_names_used,val_class_recall_per_class_named,num_absent_classes_restored,absent_class_ids_restored,absent_class_names_restored,num_val_examples,val_loss,val_accuracy,val_macro_f1,val_weighted_f1,eval_duration_sec
1,0,32.0,1.8423964977264404,3.6018268000043463,0.24616660000174306,1.7926727294921876,0.24,0.06451612903225806,0.0929032258064516,0.0,32.0,"[0, 0, 0, 0, 32, 0]",[4],['standing'],4.0,standing,1.0,30.33798948748269,"[15, 6, 15, 24, 21, 19]","[0, 1, 2, 3, 4, 5]","['ascending stairs', 'cycling', 'descending stairs', 'sitting', 'standing', 'walking']",3.0,sitting,0.0,16.0,32.0,32.0,0.0,{},[],[],"{""ascending stairs"": 0.0, ""cycling"": 0.0, ""descending stairs"": 0.0, ""sitting"": 1.0, ""standing"": 0.0, ""walking"": 0.0}",0.0,[],[],100,1.7924234104156493,0.24,0.06451612903225806,0.0929032258064516,0.027559000009205192
1,1,32.0,1.8450947999954224,4.212248099996941,0.15072649999638088,1.8070736214057685,0.15463917525773196,0.044642857142857144,0.04142120765832105,0.0,32.0,"[0, 0, 0, 0, 32, 0]",[4],['standing'],4.0,standing,1.0,30.33798948748269,"[18, 18, 10, 15, 11, 25]","[0, 1, 2, 3, 4, 5]","['ascending stairs', 'cycling', 'descending stairs', 'sitting', 'standing', 'walking']",5.0,walking,0.0,16.0,32.0,32.0,0.0,{},[],[],"{""ascending stairs"": 0.0, ""cycling"": 0.0, ""descending stairs"": 0.0, ""sitting"": 1.0, ""standing"": 0.0, ""walking"": 0.0}",0.0,[],[],97,1.806908398559413,0.15463917525773196,0.044642857142857144,0.04142120765832105,0.025170700013404712
1,2,32.0,1.7975249290466309,4.195472499995958,0.1538048000074923,1.8044084310531616,0.24358974358974358,0.06529209621993128,0.09542690985989956,0.0,32.0,"[0, 0, 0, 7, 25, 0]","[3, 4]","['sitting', 'standing']",4.0,standing,2.0,30.33798948748269,"[20, 3, 9, 19, 8, 19]","[0, 1, 2, 3, 4, 5]","['ascending stairs', 'cycling', 'descending stairs', 'sitting', 'standing', 'walking']",0.0,ascending stairs,0.0,23.0,32.0,32.0,0.0,{},[],[],"{""ascending stairs"": 0.0, ""cycling"": 0.0, ""descending stairs"": 0.0, ""sitting"": 1.0, ""standing"": 0.0, ""walking"": 0.0}",0.0,[],[],78,1.8042602386230078,0.24358974358974358,0.06529209621993128,0.09542690985989956,0.023190499981865287
1,3,32.0,1.853198766708374,4.032691100001102,0.24353659999906085,1.7959929102943057,0.18095238095238095,0.051075268817204304,0.0554531490015361,0.0,32.0,"[0, 0, 0, 0, 32, 0]",[4],['standing'],4.0,standing,1.0,30.33798948748269,"[12, 11, 18, 19, 20, 25]","[0, 1, 2, 3, 4, 5]","['ascending stairs', 'cycling', 'descending stairs', 'sitting', 'standing', 'walking']",5.0,walking,0.0,16.0,32.0,32.0,0.0,{},[],[],"{""ascending stairs"": 0.0, ""cycling"": 0.0, ""descending stairs"": 0.0, ""sitting"": 1.0, ""standing"": 0.0, ""walking"": 0.0}",0.0,[],[],105,1.7957675207228887,0.18095238095238095,0.051075268817204304,0.0554531490015361,0.02617109997663647
1,4,32.0,1.8301653861999512,0.00895930000115186,0.01797919999808073,1.794204861810892,0.2079207920792079,0.05737704918032787,0.07157928907644863,0.0,32.0,"[0, 0, 0, 0, 32, 0]",[4],['standing'],4.0,standing,1.0,30.33798948748269,"[13, 15, 11, 21, 17, 24]","[0, 1, 2, 3, 4, 5]","['ascending stairs', 'cycling', 'descending stairs', 'sitting', 'standing', 'walking']",5.0,walking,0.0,16.0,32.0,32.0,0.0,{},[],[],"{""ascending stairs"": 0.0, ""cycling"": 0.0, ""descending stairs"": 0.0, ""sitting"": 1.0, ""standing"": 0.0, ""walking"": 0.0}",0.0,[],[],101,1.7941863584046316,0.2079207920792079,0.05737704918032787,0.07157928907644863,0.02200460000312887
1,6,32.0,1.8437004089355469,0.007832000002963468,0.016307300014887005,1.7896343783328408,0.23157894736842105,0.06267806267806268,0.08708951866846602,0.0,32.0,"[0, 0, 0, 0, 32, 0]",[4],['standing'],4.0,standing,1.0,30.33798948748269,"[11, 12, 11, 22, 16, 23]","[0, 1, 2, 3, 4, 5]","['ascending stairs', 'cycling', 'descending stairs', 'sitting', 'standing', 'walking']",5.0,walking,0.0,16.0,32.0,32.0,0.0,{},[],[],"{""ascending stairs"": 0.0, ""cycling"": 0.0, ""descending stairs"": 0.0, ""sitting"": 1.0, ""standing"": 0.0, ""walking"": 0.0}",0.0,[],[],95,1.7899081355647037,0.23157894736842105,0.06267806267806268,0.08708951866846602,0.01780910001252778
1,7,32.0,1.6286288499832153,0.009181199973681942,0.012574099993798882,1.7902003247687157,0.2553191489361702,0.06779661016949153,0.10385863685539128,0.0,32.0,"[0, 0, 0, 32, 0, 0]",[3],['sitting'],3.0,sitting,1.0,30.33798948748269,"[17, 12, 10, 24, 13, 18]","[0, 1, 2, 3, 4, 5]","['ascending stairs', 'cycling', 'descending stairs', 'sitting', 'standing', 'walking']",3.0,sitting,0.0,16.0,32.0,32.0,0.0,{},[],[],"{""ascending stairs"": 0.0, ""cycling"": 0.0, ""descending stairs"": 0.0, ""sitting"": 1.0, ""standing"": 0.0, ""walking"": 0.0}",0.0,[],[],94,1.7904972218452615,0.2553191489361702,0.06779661016949153,0.10385863685539128,0.018699699983699247
2,0,32.0,1.836274266242981,0.009939400013536215,0.025697500008391216,1.7923395013809205,0.24,0.06451612903225806,0.0929032258064516,32.0,64.0,"[0, 0, 0, 0, 32, 0]",[4],['standing'],4.0,standing,1.0,29.18406798459677,"[15, 6, 15, 24, 21, 19]","[0, 1, 2, 3, 4, 5]","['ascending stairs', 'cycling', 'descending stairs', 'sitting', 'standing', 'walking']",3.0,sitting,0.0,16.0,32.0,32.0,0.0,{},[],[],"{""ascending stairs"": 0.0, ""cycling"": 0.0, ""descending stairs"": 0.0, ""sitting"": 1.0, ""standing"": 0.0, ""walking"": 0.0}",0.0,[],[],100,1.7920939922332764,0.24,0.06451612903225806,0.0929032258064516,0.019319499988341704
2,1,32.0,1.6720607280731201,0.01223960000788793,0.03865229999064468,1.8076768118081634,0.15463917525773196,0.044642857142857144,0.04142120765832105,32.0,64.0,"[0, 0, 0, 25, 7, 0]","[3, 4]","['sitting', 'standing']",3.0,sitting,2.0,29.18406798459677,"[18, 18, 10, 15, 11, 25]","[0, 1, 2, 3, 4, 5]","['ascending stairs', 'cycling', 'descending stairs', 'sitting', 'standing', 'walking']",5.0,walking,0.0,23.0,32.0,32.0,0.0,{},[],[],"{""ascending stairs"": 0.0, ""cycling"": 0.0, ""descending stairs"": 0.0, ""sitting"": 1.0, ""standing"": 0.0, ""walking"": 0.0}",0.0,[],[],97,1.8077915833168423,0.15463917525773196,0.044642857142857144,0.04142120765832105,0.2668726000119932
2,2,48.0,1.7075653076171875,0.008588299999246374,0.01945960000739433,1.8048687531397893,0.24358974358974358,0.06529209621993128,0.09542690985989956,32.0,64.0,"[0, 0, 0, 32, 0, 0]",[3],['sitting'],3.0,sitting,1.0,29.18406798459677,"[20, 3, 9, 19, 8, 19]","[0, 1, 2, 3, 4, 5]","['ascending stairs', 'cycling', 'descending stairs', 'sitting', 'standing', 'walking']",0.0,ascending stairs,16.0,32.0,32.0,48.0,16.0,"{""4"": 16}",[4],['standing'],"{""ascending stairs"": 0.0, ""cycling"": 0.0, ""descending stairs"": 0.0, ""sitting"": 1.0, ""standing"": 0.0, ""walking"": 0.0}",0.0,[],[],78,1.8047678012114305,0.24358974358974358,0.06529209621993128,0.09542690985989956,0.016270199994323775
2,3,32.0,1.844111442565918,0.008122400002321228,0.02125489999889396,1.7955834752037412,0.18095238095238095,0.051075268817204304,0.0554531490015361,32.0,64.0,"[0, 0, 0, 0, 32, 0]",[4],['standing'],4.0,standing,1.0,29.18406798459677,"[12, 11, 18, 19, 20, 25]","[0, 1, 2, 3, 4, 5]","['ascending stairs', 'cycling', 'descending stairs', 'sitting', 'standing', 'walking']",5.0,walking,0.0,16.0,32.0,32.0,0.0,{},[],[],"{""ascending stairs"": 0.0, ""cycling"": 0.0, ""descending stairs"": 0.0, ""sitting"": 1.0, ""standing"": 0.0, ""walking"": 0.0}",0.0,[],[],105,1.7959142594110398,0.18095238095238095,0.051075268817204304,0.0554531490015361,0.021319299994502217
2,4,32.0,1.8355522155761719,0.009129999991273507,0.02261690000887029,1.7944706855434003,0.2079207920792079,0.05737704918032787,0.07157928907644863,32.0,64.0,"[0, 0, 0, 0, 32, 0]",[4],['standing'],4.0,standing,1.0,29.18406798459677,"[13, 15, 11, 21, 17, 24]","[0, 1, 2, 3, 4, 5]","['ascending stairs', 'cycling', 'descending stairs', 'sitting', 'standing', 'walking']",5.0,walking,0.0,16.0,32.0,32.0,0.0,{},[],[],"{""ascending stairs"": 0.0, ""cycling"": 0.0, ""descending stairs"": 0.0, ""sitting"": 1.0, ""standing"": 0.0, ""walking"": 0.0}",0.0,[],[],101,1.7944119224453916,0.2079207920792079,0.05737704918032787,0.07157928907644863,0.25591750000603497
2,6,32.0,1.7833231687545776,0.009438000008231029,0.01371810000273399,1.7899036771372745,0.23157894736842105,0.06267806267806268,0.08708951866846602,32.0,64.0,"[0, 0, 0, 7, 25, 0]","[3, 4]","['sitting', 'standing']",4.0,standing,2.0,29.18406798459677,"[11, 12, 11, 22, 16, 23]","[0, 1, 2, 3, 4, 5]","['ascending stairs', 'cycling', 'descending stairs', 'sitting', 'standing', 'walking']",5.0,walking,0.0,23.0,32.0,32.0,0.0,{},[],[],"{""ascending stairs"": 0.0, ""cycling"": 0.0, ""descending stairs"": 0.0, ""sitting"": 1.0, ""standing"": 0.0, ""walking"": 0.0}",0.0,[],[],95,1.789828506268953,0.23157894736842105,0.06267806267806268,0.08708951866846602,0.2510881999915
2,7,32.0,1.6037328243255615,0.0104838999977801,0.014433400006964803,1.7901072375317837,0.2553191489361702,0.06779661016949153,0.10385863685539128,32.0,64.0,"[0, 0, 0, 32, 0, 0]",[3],['sitting'],3.0,sitting,1.0,29.18406798459677,"[17, 12, 10, 24, 13, 18]","[0, 1, 2, 3, 4, 5]","['ascending stairs', 'cycling', 'descending stairs', 'sitting', 'standing', 'walking']",3.0,sitting,0.0,16.0,32.0,32.0,0.0,{},[],[],"{""ascending stairs"": 0.0, ""cycling"": 0.0, ""descending stairs"": 0.0, ""sitting"": 1.0, ""standing"": 0.0, ""walking"": 0.0}",0.0,[],[],94,1.7904928592925375,0.2553191489361702,0.06779661016949153,0.10385863685539128,0.2490791000018362
3,0,32.0,1.7087122201919556,0.009074700006749481,0.022282199992332608,1.792084288597107,0.24,0.06451612903225806,0.0929032258064516,64.0,96.0,"[0, 0, 0, 14, 18, 0]","[3, 4]","['sitting', 'standing']",4.0,standing,2.0,28.207936634468282,"[15, 6, 15, 24, 21, 19]","[0, 1, 2, 3, 4, 5]","['ascending stairs', 'cycling', 'descending stairs', 'sitting', 'standing', 'walking']",3.0,sitting,0.0,30.0,32.0,32.0,0.0,{},[],[],"{""ascending stairs"": 0.0, ""cycling"": 0.0, ""descending stairs"": 0.0, ""sitting"": 1.0, ""standing"": 0.0, ""walking"": 0.0}",0.0,[],[],100,1.7917934131622315,0.24,0.06451612903225806,0.0929032258064516,0.021411599998828024
3,1,39.0,1.6604046821594238,0.008168500004103407,0.021927399997366592,1.8090100435866523,0.15463917525773196,0.044642857142857144,0.04142120765832105,64.0,96.0,"[0, 0, 0, 23, 0, 9]","[3, 5]","['sitting', 'walking']",3.0,sitting,2.0,28.207936634468282,"[18, 18, 10, 15, 11, 25]","[0, 1, 2, 3, 4, 5]","['ascending stairs', 'cycling', 'descending stairs', 'sitting', 'standing', 'walking']",5.0,walking,7.0,32.0,32.0,39.0,7.0,"{""4"": 7}",[4],['standing'],"{""ascending stairs"": 0.0, ""cycling"": 0.0, ""descending stairs"": 0.0, ""sitting"": 1.0, ""standing"": 0.0, ""walking"": 0.0}",0.0,[],[],97,1.8088248611725484,0.15463917525773196,0.044642857142857144,0.04142120765832105,0.023088400019332767
3,2,48.0,1.673443078994751,0.014149599999655038,0.01977319997968152,1.8048594639851496,0.24358974358974358,0.06529209621993128,0.09542690985989956,64.0,96.0,"[0, 0, 0, 32, 0, 0]",[3],['sitting'],3.0,sitting,1.0,28.207936634468282,"[20, 3, 9, 19, 8, 19]","[0, 1, 2, 3, 4, 5]","['ascending stairs', 'cycling', 'descending stairs', 'sitting', 'standing', 'walking']",0.0,ascending stairs,16.0,32.0,32.0,48.0,16.0,"{""4"": 16}",[4],['standing'],"{""ascending stairs"": 0.0, ""cycling"": 0.0, ""descending stairs"": 0.0, ""sitting"": 1.0, ""standing"": 0.0, ""walking"": 0.0}",0.0,[],[],78,1.8052748716794527,0.24358974358974358,0.06529209621993128,0.09542690985989956,0.017999000003328547
3,3,32.0,1.6996194124221802,0.006362600019201636,0.021152000001166016,1.7961750371115548,0.18095238095238095,0.051075268817204304,0.0554531490015361,64.0,96.0,"[0, 0, 0, 22, 10, 0]","[3, 4]","['sitting', 'standing']",3.0,sitting,2.0,28.207936634468282,"[12, 11, 18, 19, 20, 25]","[0, 1, 2, 3, 4, 5]","['ascending stairs', 'cycling', 'descending stairs', 'sitting', 'standing', 'walking']",5.0,walking,0.0,26.0,32.0,32.0,0.0,{},[],[],"{""ascending stairs"": 0.0, ""cycling"": 0.0, ""descending stairs"": 0.0, ""sitting"": 1.0, ""standing"": 0.0, ""walking"": 0.0}",0.0,[],[],105,1.796408716837565,0.18095238095238095,0.051075268817204304,0.0554531490015361,0.02011720000882633
3,4,32.0,1.5973477363586426,0.009292100003222004,0.01782969999476336,1.7949633055394238,0.2079207920792079,0.05737704918032787,0.07157928907644863,64.0,96.0,"[0, 0, 0, 31, 1, 0]","[3, 4]","['sitting', 'standing']",3.0,sitting,2.0,28.207936634468282,"[13, 15, 11, 21, 17, 24]","[0, 1, 2, 3, 4, 5]","['ascending stairs', 'cycling', 'descending stairs', 'sitting', 'standing', 'walking']",5.0,walking,0.0,17.0,32.0,32.0,0.0,{},[],[],"{""ascending stairs"": 0.0, ""cycling"": 0.0, ""descending stairs"": 0.0, ""sitting"": 1.0, ""standing"": 0.0, ""walking"": 0.0}",0.0,[],[],101,1.7947937238334428,0.2079207920792079,0.05737704918032787,0.07157928907644863,0.01726540000527166
3,6,48.0,1.6534355878829956,0.007680399983655661,0.0129906999936793,1.7897729120756452,0.23157894736842105,0.06267806267806268,0.08708951866846602,64.0,96.0,"[0, 0, 0, 32, 0, 0]",[3],['sitting'],3.0,sitting,1.0,28.207936634468282,"[11, 12, 11, 22, 16, 23]","[0, 1, 2, 3, 4, 5]","['ascending stairs', 'cycling', 'descending stairs', 'sitting', 'standing', 'walking']",5.0,walking,16.0,32.0,32.0,48.0,16.0,"{""4"": 16}",[4],['standing'],"{""ascending stairs"": 0.0, ""cycling"": 0.0, ""descending stairs"": 0.0, ""sitting"": 1.0, ""standing"": 0.0, ""walking"": 0.0}",0.0,[],[],95,1.7897698465146517,0.23157894736842105,0.06267806267806268,0.08708951866846602,0.014589599973987788
3,7,32.0,1.6651184558868408,0.009389499988174066,0.014323399984277785,1.790660538571946,0.2553191489361702,0.06779661016949153,0.10385863685539128,64.0,96.0,"[0, 0, 0, 28, 4, 0]","[3, 4]","['sitting', 'standing']",3.0,sitting,2.0,28.207936634468282,"[17, 12, 10, 24, 13, 18]","[0, 1, 2, 3, 4, 5]","['ascending stairs', 'cycling', 'descending stairs', 'sitting', 'standing', 'walking']",3.0,sitting,0.0,20.0,32.0,32.0,0.0,{},[],[],"{""ascending stairs"": 0.0, ""cycling"": 0.0, ""descending stairs"": 0.0, ""sitting"": 1.0, ""standing"": 0.0, ""walking"": 0.0}",0.0,[],[],94,1.790512336061356,0.2553191489361702,0.06779661016949153,0.10385863685539128,0.017492599989054725
4,0,48.0,1.6895849704742432,0.009095000015804544,0.020740499981911853,1.7913664627075194,0.24,0.06451612903225806,0.0929032258064516,96.0,128.0,"[0, 0, 0, 32, 0, 0]",[3],['sitting'],3.0,sitting,1.0,27.41592739324113,"[15, 6, 15, 24, 21, 19]","[0, 1, 2, 3, 4, 5]","['ascending stairs', 'cycling', 'descending stairs', 'sitting', 'standing', 'walking']",3.0,sitting,16.0,32.0,32.0,48.0,16.0,"{""4"": 16}",[4],['standing'],"{""ascending stairs"": 0.0, ""cycling"": 0.0, ""descending stairs"": 0.0, ""sitting"": 1.0, ""standing"": 0.0, ""walking"": 0.0}",0.0,[],[],100,1.7914534950256347,0.24,0.06451612903225806,0.0929032258064516,0.018445599998813123
4,1,48.0,1.7415536642074585,0.011368700012098998,0.01953369998955168,1.8098433718238909,0.15463917525773196,0.044642857142857144,0.04142120765832105,96.0,128.0,"[0, 0, 0, 0, 0, 32]",[5],['walking'],5.0,walking,1.0,27.41592739324113,"[18, 18, 10, 15, 11, 25]","[0, 1, 2, 3, 4, 5]","['ascending stairs', 'cycling', 'descending stairs', 'sitting', 'standing', 'walking']",5.0,walking,16.0,39.0,32.0,48.0,16.0,"{""3"": 9, ""4"": 7}","[3, 4]","['sitting', 'standing']","{""ascending stairs"": 0.0, ""cycling"": 0.0, ""descending stairs"": 0.0, ""sitting"": 1.0, ""standing"": 0.0, ""walking"": 0.0}",0.0,[],[],97,1.8097566157272182,0.15463917525773196,0.044642857142857144,0.04142120765832105,0.01834650000091642
4,2,48.0,1.8185856342315674,0.010229200008325279,0.019508800003677607,1.8069313244941907,0.24358974358974358,0.06529209621993128,0.09542690985989956,96.0,128.0,"[0, 0, 0, 2, 0, 30]","[3, 5]","['sitting', 'walking']",5.0,walking,2.0,27.41592739324113,"[20, 3, 9, 19, 8, 19]","[0, 1, 2, 3, 4, 5]","['ascending stairs', 'cycling', 'descending stairs', 'sitting', 'standing', 'walking']",0.0,ascending stairs,16.0,34.0,32.0,48.0,16.0,"{""4"": 16}",[4],['standing'],"{""ascending stairs"": 0.0, ""cycling"": 0.0, ""descending stairs"": 0.0, ""sitting"": 1.0, ""standing"": 0.0, ""walking"": 0.0}",0.0,[],[],78,1.8056434790293376,0.24358974358974358,0.06529209621993128,0.09542690985989956,0.014838699979009107
4,3,42.0,1.6536269187927246,0.008389599999645725,0.02030680002644658,1.7966697556631905,0.18095238095238095,0.051075268817204304,0.0554531490015361,96.0,128.0,"[0, 0, 0, 32, 0, 0]",[3],['sitting'],3.0,sitting,1.0,27.41592739324113,"[12, 11, 18, 19, 20, 25]","[0, 1, 2, 3, 4, 5]","['ascending stairs', 'cycling', 'descending stairs', 'sitting', 'standing', 'walking']",5.0,walking,10.0,26.0,32.0,42.0,10.0,"{""4"": 10}",[4],['standing'],"{""ascending stairs"": 0.0, ""cycling"": 0.0, ""descending stairs"": 0.0, ""sitting"": 1.0, ""standing"": 0.0, ""walking"": 0.0}",0.0,[],[],105,1.7968710206803822,0.18095238095238095,0.051075268817204304,0.0554531490015361,0.01899150002282113
4,4,33.0,1.6393239498138428,0.00624060002155602,0.020103499991819263,1.7949545938189666,0.2079207920792079,0.05737704918032787,0.07157928907644863,96.0,128.0,"[0, 0, 0, 32, 0, 0]",[3],['sitting'],3.0,sitting,1.0,27.41592739324113,"[13, 15, 11, 21, 17, 24]","[0, 1, 2, 3, 4, 5]","['ascending stairs', 'cycling', 'descending stairs', 'sitting', 'standing', 'walking']",5.0,walking,1.0,17.0,32.0,33.0,1.0,"{""4"": 1}",[4],['standing'],"{""ascending stairs"": 0.0, ""cycling"": 0.0, ""descending stairs"": 0.0, ""sitting"": 1.0, ""standing"": 0.0, ""walking"": 0.0}",0.0,[],[],101,1.7949332034233774,0.2079207920792079,0.05737704918032787,0.07157928907644863,0.015103800018550828
4,6,48.0,1.6564099788665771,0.007229400012874976,0.014659700012998655,1.7895457217567845,0.23157894736842105,0.06267806267806268,0.08708951866846602,96.0,128.0,"[0, 0, 0, 32, 0, 0]",[3],['sitting'],3.0,sitting,1.0,27.41592739324113,"[11, 12, 11, 22, 16, 23]","[0, 1, 2, 3, 4, 5]","['ascending stairs', 'cycling', 'descending stairs', 'sitting', 'standing', 'walking']",5.0,walking,16.0,32.0,32.0,48.0,16.0,"{""4"": 16}",[4],['standing'],"{""ascending stairs"": 0.0, ""cycling"": 0.0, ""descending stairs"": 0.0, ""sitting"": 1.0, ""standing"": 0.0, ""walking"": 0.0}",0.0,[],[],95,1.7895787264171399,0.23157894736842105,0.06267806267806268,0.08708951866846602,0.011356999981217086
4,7,48.0,1.756361484527588,0.007982299983268604,0.013882999977795407,1.7900383675352056,0.2553191489361702,0.06779661016949153,0.10385863685539128,96.0,128.0,"[0, 0, 0, 0, 32, 0]",[4],['standing'],4.0,standing,1.0,27.41592739324113,"[17, 12, 10, 24, 13, 18]","[0, 1, 2, 3, 4, 5]","['ascending stairs', 'cycling', 'descending stairs', 'sitting', 'standing', 'walking']",3.0,sitting,16.0,32.0,32.0,48.0,16.0,"{""3"": 16}",[3],['sitting'],"{""ascending stairs"": 0.0, ""cycling"": 0.0, ""descending stairs"": 0.0, ""sitting"": 1.0, ""standing"": 0.0, ""walking"": 0.0}",0.0,[],[],94,1.7904530230988847,0.2553191489361702,0.06779661016949153,0.10385863685539128,0.012751800008118153
5,0,48.0,1.6440167427062988,0.008716999989701435,0.020020600000862032,1.791235694885254,0.24,0.06451612903225806,0.0929032258064516,128.0,160.0,"[0, 0, 0, 32, 0, 0]",[3],['sitting'],3.0,sitting,1.0,26.88825801937711,"[15, 6, 15, 24, 21, 19]","[0, 1, 2, 3, 4, 5]","['ascending stairs', 'cycling', 'descending stairs', 'sitting', 'standing', 'walking']",3.0,sitting,16.0,32.0,32.0,48.0,16.0,"{""4"": 16}",[4],['standing'],"{""ascending stairs"": 0.0, ""cycling"": 0.0, ""descending stairs"": 0.0, ""sitting"": 1.0, ""standing"": 0.0, ""walking"": 0.0}",0.0,[],[],100,1.7905540180206299,0.24,0.06451612903225806,0.0929032258064516,0.09235369999078102
5,1,48.0,1.7657139301300049,0.009267399989767,0.02186540002003312,1.811185033051009,0.15463917525773196,0.044642857142857144,0.04142120765832105,128.0,160.0,"[0, 0, 0, 0, 0, 32]",[5],['walking'],5.0,walking,1.0,26.88825801937711,"[18, 18, 10, 15, 11, 25]","[0, 1, 2, 3, 4, 5]","['ascending stairs', 'cycling', 'descending stairs', 'sitting', 'standing', 'walking']",5.0,walking,16.0,39.0,32.0,48.0,16.0,"{""3"": 9, ""4"": 7}","[3, 4]","['sitting', 'standing']","{""ascending stairs"": 0.0, ""cycling"": 0.0, ""descending stairs"": 0.0, ""sitting"": 1.0, ""standing"": 0.0, ""walking"": 0.0}",0.0,[],[],97,1.810818846692744,0.15463917525773196,0.044642857142857144,0.04142120765832105,0.09291410000878386
5,2,48.0,1.7740565538406372,0.01301439999951981,0.018232299975352362,1.805427575722719,0.24358974358974358,0.06529209621993128,0.09542690985989956,128.0,160.0,"[0, 0, 0, 0, 0, 32]",[5],['walking'],5.0,walking,1.0,26.88825801937711,"[20, 3, 9, 19, 8, 19]","[0, 1, 2, 3, 4, 5]","['ascending stairs', 'cycling', 'descending stairs', 'sitting', 'standing', 'walking']",0.0,ascending stairs,16.0,34.0,32.0,48.0,16.0,"{""3"": 2, ""4"": 14}","[3, 4]","['sitting', 'standing']","{""ascending stairs"": 0.0, ""cycling"": 0.0, ""descending stairs"": 0.0, ""sitting"": 1.0, ""standing"": 0.0, ""walking"": 0.0}",0.0,[],[],78,1.805796397037995,0.24358974358974358,0.06529209621993128,0.09542690985989956,0.07936609999160282
5,3,42.0,1.726794958114624,0.009725599986268207,0.02143429999705404,1.796743484905788,0.18095238095238095,0.051075268817204304,0.0554531490015361,128.0,160.0,"[0, 0, 0, 21, 0, 11]","[3, 5]","['sitting', 'walking']",3.0,sitting,2.0,26.88825801937711,"[12, 11, 18, 19, 20, 25]","[0, 1, 2, 3, 4, 5]","['ascending stairs', 'cycling', 'descending stairs', 'sitting', 'standing', 'walking']",5.0,walking,10.0,37.0,32.0,42.0,10.0,"{""4"": 10}",[4],['standing'],"{""ascending stairs"": 0.0, ""cycling"": 0.0, ""descending stairs"": 0.0, ""sitting"": 1.0, ""standing"": 0.0, ""walking"": 0.0}",0.0,[],[],105,1.7969135443369548,0.18095238095238095,0.051075268817204304,0.0554531490015361,0.09182329999748617
5,4,33.0,1.6517915725708008,0.007477100007236004,0.016034800006309524,1.7942787892747634,0.2079207920792079,0.05737704918032787,0.07157928907644863,128.0,160.0,"[0, 0, 0, 21, 0, 11]","[3, 5]","['sitting', 'walking']",3.0,sitting,2.0,26.88825801937711,"[13, 15, 11, 21, 17, 24]","[0, 1, 2, 3, 4, 5]","['ascending stairs', 'cycling', 'descending stairs', 'sitting', 'standing', 'walking']",5.0,walking,1.0,28.0,32.0,33.0,1.0,"{""4"": 1}",[4],['standing'],"{""ascending stairs"": 0.0, ""cycling"": 0.0, ""descending stairs"": 0.0, ""sitting"": 1.0, ""standing"": 0.0, ""walking"": 0.0}",0.0,[],[],101,1.794569735479827,0.2079207920792079,0.05737704918032787,0.07157928907644863,0.011644999991403893
5,6,48.0,1.7165298461914062,0.009042900026543066,0.01197730001877062,1.7892842907654611,0.23157894736842105,0.06267806267806268,0.08708951866846602,128.0,160.0,"[0, 0, 0, 16, 0, 16]","[3, 5]","['sitting', 'walking']",3.0,sitting,2.0,26.88825801937711,"[11, 12, 11, 22, 16, 23]","[0, 1, 2, 3, 4, 5]","['ascending stairs', 'cycling', 'descending stairs', 'sitting', 'standing', 'walking']",5.0,walking,16.0,48.0,32.0,48.0,16.0,"{""4"": 16}",[4],['standing'],"{""ascending stairs"": 0.0, ""cycling"": 0.0, ""descending stairs"": 0.0, ""sitting"": 1.0, ""standing"": 0.0, ""walking"": 0.0}",0.0,[],[],95,1.7892547833292107,0.23157894736842105,0.06267806267806268,0.08708951866846602,0.03481070001726039
5,7,48.0,1.6780967712402344,0.00814590000663884,0.013600400008726865,1.7891589048060965,0.2553191489361702,0.06779661016949153,0.10385863685539128,128.0,160.0,"[0, 0, 0, 0, 3, 29]","[4, 5]","['standing', 'walking']",5.0,walking,2.0,26.88825801937711,"[17, 12, 10, 24, 13, 18]","[0, 1, 2, 3, 4, 5]","['ascending stairs', 'cycling', 'descending stairs', 'sitting', 'standing', 'walking']",3.0,sitting,16.0,35.0,32.0,48.0,16.0,"{""3"": 16}",[3],['sitting'],"{""ascending stairs"": 0.0, ""cycling"": 0.0, ""descending stairs"": 0.0, ""sitting"": 1.0, ""standing"": 0.0, ""walking"": 0.0}",0.0,[],[],94,1.7898456340140485,0.2553191489361702,0.06779661016949153,0.10385863685539128,0.013788099982775748
6,0,48.0,1.6823468208312988,0.18191849999129772,0.018948599987197667,1.7872805070877076,0.24,0.06451612903225806,0.0929032258064516,160.0,192.0,"[0, 0, 0, 15, 0, 17]","[3, 5]","['sitting', 'walking']",5.0,walking,2.0,26.580064477721756,"[15, 6, 15, 24, 21, 19]","[0, 1, 2, 3, 4, 5]","['ascending stairs', 'cycling', 'descending stairs', 'sitting', 'standing', 'walking']",3.0,sitting,16.0,47.0,32.0,48.0,16.0,"{""4"": 16}",[4],['standing'],"{""ascending stairs"": 0.0, ""cycling"": 0.0, ""descending stairs"": 0.0, ""sitting"": 1.0, ""standing"": 0.0, ""walking"": 0.0}",0.0,[],[],100,1.788030138015747,0.24,0.06451612903225806,0.0929032258064516,0.018421699991449714
6,1,48.0,1.7553921937942505,0.1741494000016246,0.03262310000718571,1.8107136451091963,0.15463917525773196,0.044642857142857144,0.04142120765832105,160.0,192.0,"[5, 0, 0, 0, 0, 27]","[0, 5]","['ascending stairs', 'walking']",5.0,walking,2.0,26.580064477721756,"[18, 18, 10, 15, 11, 25]","[0, 1, 2, 3, 4, 5]","['ascending stairs', 'cycling', 'descending stairs', 'sitting', 'standing', 'walking']",5.0,walking,16.0,44.0,32.0,48.0,16.0,"{""3"": 9, ""4"": 7}","[3, 4]","['sitting', 'standing']","{""ascending stairs"": 0.0, ""cycling"": 0.0, ""descending stairs"": 0.0, ""sitting"": 1.0, ""standing"": 0.0, ""walking"": 0.0}",0.0,[],[],97,1.8112191219919735,0.15463917525773196,0.044642857142857144,0.04142120765832105,0.020447899994906038
6,2,48.0,1.8683229684829712,0.17439759999979287,0.015997299982700497,1.8051056403380175,0.24358974358974358,0.06529209621993128,0.09542690985989956,160.0,192.0,"[15, 0, 1, 0, 0, 16]","[0, 2, 5]","['ascending stairs', 'descending stairs', 'walking']",5.0,walking,3.0,26.580064477721756,"[20, 3, 9, 19, 8, 19]","[0, 1, 2, 3, 4, 5]","['ascending stairs', 'cycling', 'descending stairs', 'sitting', 'standing', 'walking']",0.0,ascending stairs,16.0,50.0,32.0,48.0,16.0,"{""3"": 2, ""4"": 14}","[3, 4]","['sitting', 'standing']","{""ascending stairs"": 0.0, ""cycling"": 0.0, ""descending stairs"": 0.0, ""sitting"": 1.0, ""standing"": 0.0, ""walking"": 0.0}",0.0,[],[],78,1.8048048966970198,0.24358974358974358,0.06529209621993128,0.09542690985989956,0.016300899995258078
6,3,48.0,1.7215458154678345,0.1772966999851633,0.019304299989016727,1.7951756068638394,0.18095238095238095,0.051075268817204304,0.0554531490015361,160.0,192.0,"[0, 0, 0, 0, 0, 32]",[5],['walking'],5.0,walking,1.0,26.580064477721756,"[12, 11, 18, 19, 20, 25]","[0, 1, 2, 3, 4, 5]","['ascending stairs', 'cycling', 'descending stairs', 'sitting', 'standing', 'walking']",5.0,walking,16.0,42.0,32.0,48.0,16.0,"{""3"": 8, ""4"": 8}","[3, 4]","['sitting', 'standing']","{""ascending stairs"": 0.0, ""cycling"": 0.0, ""descending stairs"": 0.0, ""sitting"": 1.0, ""standing"": 0.0, ""walking"": 0.0}",0.0,[],[],105,1.7951500256856283,0.18095238095238095,0.051075268817204304,0.0554531490015361,0.019806399999652058
6,4,48.0,1.6660795211791992,0.0071592000022064894,0.016978600004222244,1.7926106901452092,0.2079207920792079,0.05737704918032787,0.07157928907644863,160.0,192.0,"[0, 0, 0, 0, 0, 32]",[5],['walking'],5.0,walking,1.0,26.580064477721756,"[13, 15, 11, 21, 17, 24]","[0, 1, 2, 3, 4, 5]","['ascending stairs', 'cycling', 'descending stairs', 'sitting', 'standing', 'walking']",5.0,walking,16.0,33.0,32.0,48.0,16.0,"{""3"": 15, ""4"": 1}","[3, 4]","['sitting', 'standing']","{""ascending stairs"": 0.0, ""cycling"": 0.0, ""descending stairs"": 0.0, ""sitting"": 1.0, ""standing"": 0.0, ""walking"": 0.0}",0.0,[],[],101,1.792682414007659,0.2079207920792079,0.05737704918032787,0.07157928907644863,0.015315800003008917
6,6,48.0,1.7287973165512085,0.0070398999960161746,0.01608599998871796,1.7881490468978882,0.23157894736842105,0.06267806267806268,0.08708951866846602,160.0,192.0,"[0, 0, 0, 0, 0, 32]",[5],['walking'],5.0,walking,1.0,26.580064477721756,"[11, 12, 11, 22, 16, 23]","[0, 1, 2, 3, 4, 5]","['ascending stairs', 'cycling', 'descending stairs', 'sitting', 'standing', 'walking']",5.0,walking,16.0,48.0,32.0,48.0,16.0,"{""3"": 8, ""4"": 8}","[3, 4]","['sitting', 'standing']","{""ascending stairs"": 0.0, ""cycling"": 0.0, ""descending stairs"": 0.0, ""sitting"": 1.0, ""standing"": 0.0, ""walking"": 0.0}",0.0,[],[],95,1.7878441396512483,0.23157894736842105,0.06267806267806268,0.08708951866846602,0.012242299999343231
6,7,48.0,1.6584199666976929,0.007268000015756115,0.01462790000368841,1.7880247882071962,0.2553191489361702,0.06779661016949153,0.10385863685539128,160.0,192.0,"[0, 0, 0, 0, 0, 32]",[5],['walking'],5.0,walking,1.0,26.580064477721756,"[17, 12, 10, 24, 13, 18]","[0, 1, 2, 3, 4, 5]","['ascending stairs', 'cycling', 'descending stairs', 'sitting', 'standing', 'walking']",3.0,sitting,16.0,35.0,32.0,48.0,16.0,"{""3"": 13, ""4"": 3}","[3, 4]","['sitting', 'standing']","{""ascending stairs"": 0.0, ""cycling"": 0.0, ""descending stairs"": 0.0, ""sitting"": 1.0, ""standing"": 0.0, ""walking"": 0.0}",0.0,[],[],94,1.7881737795281918,0.2553191489361702,0.06779661016949153,0.10385863685539128,0.012246300000697374
7,0,48.0,1.733375072479248,0.010590799996862188,0.019536100007826462,1.7856147146224977,0.24,0.06451612903225806,0.0929032258064516,192.0,224.0,"[0, 0, 0, 0, 0, 32]",[5],['walking'],5.0,walking,1.0,26.452899335946622,"[15, 6, 15, 24, 21, 19]","[0, 1, 2, 3, 4, 5]","['ascending stairs', 'cycling', 'descending stairs', 'sitting', 'standing', 'walking']",3.0,sitting,16.0,47.0,32.0,48.0,16.0,"{""3"": 8, ""4"": 8}","[3, 4]","['sitting', 'standing']","{""ascending stairs"": 0.0, ""cycling"": 0.0, ""descending stairs"": 0.0, ""sitting"": 1.0, ""standing"": 0.0, ""walking"": 0.0}",0.0,[],[],100,1.7849016857147217,0.24,0.06451612903225806,0.0929032258064516,0.018368400022154674
7,1,48.0,1.8243906497955322,0.01023790001636371,0.01822949998313561,1.8108708821621138,0.15463917525773196,0.044642857142857144,0.04142120765832105,192.0,224.0,"[9, 0, 23, 0, 0, 0]","[0, 2]","['ascending stairs', 'descending stairs']",2.0,descending stairs,2.0,26.452899335946622,"[18, 18, 10, 15, 11, 25]","[0, 1, 2, 3, 4, 5]","['ascending stairs', 'cycling', 'descending stairs', 'sitting', 'standing', 'walking']",5.0,walking,16.0,64.0,32.0,48.0,16.0,"{""3"": 6, ""4"": 5, ""5"": 5}","[3, 4, 5]","['sitting', 'standing', 'walking']","{""ascending stairs"": 0.0, ""cycling"": 0.0, ""descending stairs"": 0.0, ""sitting"": 1.0, ""standing"": 0.0, ""walking"": 0.0}",0.0,[],[],97,1.8110122914166795,0.15463917525773196,0.044642857142857144,0.04142120765832105,0.017438899987610057
7,2,48.0,1.8988385200500488,0.010087800008477643,0.016735199984395877,1.803485326277904,0.24358974358974358,0.06529209621993128,0.09542690985989956,192.0,224.0,"[19, 0, 13, 0, 0, 0]","[0, 2]","['ascending stairs', 'descending stairs']",0.0,ascending stairs,2.0,26.452899335946622,"[20, 3, 9, 19, 8, 19]","[0, 1, 2, 3, 4, 5]","['ascending stairs', 'cycling', 'descending stairs', 'sitting', 'standing', 'walking']",0.0,ascending stairs,16.0,63.0,32.0,48.0,16.0,"{""3"": 2, ""4"": 7, ""5"": 7}","[3, 4, 5]","['sitting', 'standing', 'walking']","{""ascending stairs"": 0.0, ""cycling"": 0.0, ""descending stairs"": 0.0, ""sitting"": 1.0, ""standing"": 0.0, ""walking"": 0.0}",0.0,[],[],78,1.8029056848623815,0.24358974358974358,0.06529209621993128,0.09542690985989956,0.015666799998143688
7,3,48.0,1.7121686935424805,0.011192500009201467,0.018821500008925796,1.7933412642706008,0.18095238095238095,0.051075268817204304,0.0554531490015361,192.0,224.0,"[0, 0, 0, 0, 0, 32]",[5],['walking'],5.0,walking,1.0,26.452899335946622,"[12, 11, 18, 19, 20, 25]","[0, 1, 2, 3, 4, 5]","['ascending stairs', 'cycling', 'descending stairs', 'sitting', 'standing', 'walking']",5.0,walking,16.0,42.0,32.0,48.0,16.0,"{""3"": 8, ""4"": 8}","[3, 4]","['sitting', 'standing']","{""ascending stairs"": 0.0, ""cycling"": 0.0, ""descending stairs"": 0.0, ""sitting"": 1.0, ""standing"": 0.0, ""walking"": 0.0}",0.0,[],[],105,1.7931434222630092,0.18095238095238095,0.051075268817204304,0.0554531490015361,0.018273499998031184
7,4,48.0,1.665910243988037,0.007532700023148209,0.01762649999000132,1.7905847058437838,0.2079207920792079,0.05737704918032787,0.07157928907644863,192.0,224.0,"[0, 0, 0, 0, 0, 32]",[5],['walking'],5.0,walking,1.0,26.452899335946622,"[13, 15, 11, 21, 17, 24]","[0, 1, 2, 3, 4, 5]","['ascending stairs', 'cycling', 'descending stairs', 'sitting', 'standing', 'walking']",5.0,walking,16.0,33.0,32.0,48.0,16.0,"{""3"": 15, ""4"": 1}","[3, 4]","['sitting', 'standing']","{""ascending stairs"": 0.0, ""cycling"": 0.0, ""descending stairs"": 0.0, ""sitting"": 1.0, ""standing"": 0.0, ""walking"": 0.0}",0.0,[],[],101,1.7906150794265294,0.2079207920792079,0.05737704918032787,0.07157928907644863,0.01509749999968335
7,6,48.0,1.6846506595611572,0.007128500001272187,0.015911399998003617,1.7864643824727913,0.23157894736842105,0.06267806267806268,0.08708951866846602,192.0,224.0,"[0, 0, 0, 0, 0, 32]",[5],['walking'],5.0,walking,1.0,26.452899335946622,"[11, 12, 11, 22, 16, 23]","[0, 1, 2, 3, 4, 5]","['ascending stairs', 'cycling', 'descending stairs', 'sitting', 'standing', 'walking']",5.0,walking,16.0,48.0,32.0,48.0,16.0,"{""3"": 8, ""4"": 8}","[3, 4]","['sitting', 'standing']","{""ascending stairs"": 0.0, ""cycling"": 0.0, ""descending stairs"": 0.0, ""sitting"": 1.0, ""standing"": 0.0, ""walking"": 0.0}",0.0,[],[],95,1.7858789556904844,0.23157894736842105,0.06267806267806268,0.08708951866846602,0.015445199998794124
7,7,48.0,1.836738109588623,0.00720510000246577,0.014762999984668568,1.7855105349358091,0.2553191489361702,0.06779661016949153,0.10385863685539128,192.0,224.0,"[14, 0, 11, 0, 0, 7]","[0, 2, 5]","['ascending stairs', 'descending stairs', 'walking']",0.0,ascending stairs,3.0,26.452899335946622,"[17, 12, 10, 24, 13, 18]","[0, 1, 2, 3, 4, 5]","['ascending stairs', 'cycling', 'descending stairs', 'sitting', 'standing', 'walking']",3.0,sitting,16.0,51.0,32.0,48.0,16.0,"{""3"": 13, ""4"": 3}","[3, 4]","['sitting', 'standing']","{""ascending stairs"": 0.0, ""cycling"": 0.0, ""descending stairs"": 0.0, ""sitting"": 1.0, ""standing"": 0.0, ""walking"": 0.0}",0.0,[],[],94,1.7859870398298223,0.2553191489361702,0.06779661016949153,0.10385863685539128,0.01225569998496212
8,0,48.0,1.7271933555603027,0.008662400010507554,0.020253800001228228,1.78237211227417,0.24,0.06451612903225806,0.0929032258064516,224.0,256.0,"[2, 0, 6, 0, 0, 24]","[0, 2, 5]","['ascending stairs', 'descending stairs', 'walking']",5.0,walking,3.0,26.142250610575417,"[15, 6, 15, 24, 21, 19]","[0, 1, 2, 3, 4, 5]","['ascending stairs', 'cycling', 'descending stairs', 'sitting', 'standing', 'walking']",3.0,sitting,16.0,55.0,32.0,48.0,16.0,"{""3"": 8, ""4"": 8}","[3, 4]","['sitting', 'standing']","{""ascending stairs"": 0.0, ""cycling"": 0.0, ""descending stairs"": 0.0, ""sitting"": 1.0, ""standing"": 0.0, ""walking"": 0.0}",0.0,[],[],100,1.7824821519851684,0.24,0.06451612903225806,0.0929032258064516,0.024275000003399327
8,1,48.0,1.907242774963379,0.01038910000352189,0.017912000010255724,1.8111249614007694,0.15463917525773196,0.044642857142857144,0.04142120765832105,224.0,256.0,"[20, 0, 12, 0, 0, 0]","[0, 2]","['ascending stairs', 'descending stairs']",0.0,ascending stairs,2.0,26.142250610575417,"[18, 18, 10, 15, 11, 25]","[0, 1, 2, 3, 4, 5]","['ascending stairs', 'cycling', 'descending stairs', 'sitting', 'standing', 'walking']",5.0,walking,16.0,67.0,32.0,48.0,16.0,"{""3"": 6, ""4"": 5, ""5"": 5}","[3, 4, 5]","['sitting', 'standing', 'walking']","{""ascending stairs"": 0.0, ""cycling"": 0.0, ""descending stairs"": 0.0, ""sitting"": 1.0, ""standing"": 0.0, ""walking"": 0.0}",0.0,[],[],97,1.8108983728074537,0.15463917525773196,0.044642857142857144,0.04142120765832105,0.02417560000321828
8,2,48.0,1.918278455734253,0.008994700008770451,0.015705400001024827,1.802543838818868,0.24358974358974358,0.06529209621993128,0.09542690985989956,224.0,256.0,"[15, 0, 17, 0, 0, 0]","[0, 2]","['ascending stairs', 'descending stairs']",2.0,descending stairs,2.0,26.142250610575417,"[20, 3, 9, 19, 8, 19]","[0, 1, 2, 3, 4, 5]","['ascending stairs', 'cycling', 'descending stairs', 'sitting', 'standing', 'walking']",0.0,ascending stairs,16.0,65.0,32.0,48.0,16.0,"{""3"": 2, ""4"": 7, ""5"": 7}","[3, 4, 5]","['sitting', 'standing', 'walking']","{""ascending stairs"": 0.0, ""cycling"": 0.0, ""descending stairs"": 0.0, ""sitting"": 1.0, ""standing"": 0.0, ""walking"": 0.0}",0.0,[],[],78,1.8018094148391333,0.24358974358974358,0.06529209621993128,0.09542690985989956,0.021798000001581386
8,3,48.0,1.7514961957931519,0.009357500006444752,0.02284910000162199,1.7916671752929687,0.18095238095238095,0.051075268817204304,0.0554531490015361,224.0,256.0,"[10, 0, 0, 0, 0, 22]","[0, 5]","['ascending stairs', 'walking']",5.0,walking,2.0,26.142250610575417,"[12, 11, 18, 19, 20, 25]","[0, 1, 2, 3, 4, 5]","['ascending stairs', 'cycling', 'descending stairs', 'sitting', 'standing', 'walking']",5.0,walking,16.0,52.0,32.0,48.0,16.0,"{""3"": 8, ""4"": 8}","[3, 4]","['sitting', 'standing']","{""ascending stairs"": 0.0, ""cycling"": 0.0, ""descending stairs"": 0.0, ""sitting"": 1.0, ""standing"": 0.0, ""walking"": 0.0}",0.0,[],[],105,1.7918524742126465,0.18095238095238095,0.051075268817204304,0.0554531490015361,0.025364300003275275
8,4,48.0,1.695277452468872,0.006398799974704161,0.015302899992093444,1.7890621577159014,0.2079207920792079,0.05737704918032787,0.07157928907644863,224.0,256.0,"[10, 0, 2, 0, 0, 20]","[0, 2, 5]","['ascending stairs', 'descending stairs', 'walking']",5.0,walking,3.0,26.142250610575417,"[13, 15, 11, 21, 17, 24]","[0, 1, 2, 3, 4, 5]","['ascending stairs', 'cycling', 'descending stairs', 'sitting', 'standing', 'walking']",5.0,walking,16.0,45.0,32.0,48.0,16.0,"{""3"": 15, ""4"": 1}","[3, 4]","['sitting', 'standing']","{""ascending stairs"": 0.0, ""cycling"": 0.0, ""descending stairs"": 0.0, ""sitting"": 1.0, ""standing"": 0.0, ""walking"": 0.0}",0.0,[],[],101,1.7890551562356476,0.2079207920792079,0.05737704918032787,0.07157928907644863,0.01993050001328811
8,6,48.0,1.7995500564575195,0.006328699993900955,0.013304599997354671,1.783265901866712,0.23157894736842105,0.06267806267806268,0.08708951866846602,224.0,256.0,"[14, 0, 15, 0, 0, 3]","[0, 2, 5]","['ascending stairs', 'descending stairs', 'walking']",2.0,descending stairs,3.0,26.142250610575417,"[11, 12, 11, 22, 16, 23]","[0, 1, 2, 3, 4, 5]","['ascending stairs', 'cycling', 'descending stairs', 'sitting', 'standing', 'walking']",5.0,walking,16.0,64.0,32.0,48.0,16.0,"{""3"": 8, ""4"": 8}","[3, 4]","['sitting', 'standing']","{""ascending stairs"": 0.0, ""cycling"": 0.0, ""descending stairs"": 0.0, ""sitting"": 1.0, ""standing"": 0.0, ""walking"": 0.0}",0.0,[],[],95,1.7839690246080098,0.23157894736842105,0.06267806267806268,0.08708951866846602,0.017758999980287626
8,7,48.0,1.838807225227356,0.00684200000250712,0.012239400006365031,1.7847093648098884,0.2553191489361702,0.06779661016949153,0.10385863685539128,224.0,256.0,"[21, 0, 11, 0, 0, 0]","[0, 2]","['ascending stairs', 'descending stairs']",0.0,ascending stairs,2.0,26.142250610575417,"[17, 12, 10, 24, 13, 18]","[0, 1, 2, 3, 4, 5]","['ascending stairs', 'cycling', 'descending stairs', 'sitting', 'standing', 'walking']",3.0,sitting,16.0,53.0,32.0,48.0,16.0,"{""3"": 7, ""4"": 3, ""5"": 6}","[3, 4, 5]","['sitting', 'standing', 'walking']","{""ascending stairs"": 0.0, ""cycling"": 0.0, ""descending stairs"": 0.0, ""sitting"": 1.0, ""standing"": 0.0, ""walking"": 0.0}",0.0,[],[],94,1.7843975310629987,0.2553191489361702,0.06779661016949153,0.10385863685539128,0.01875119999749586
9,0,48.0,1.8349714279174805,0.008523299999069422,0.017578800005139783,1.7807536792755128,0.24,0.06451612903225806,0.0929032258064516,256.0,288.0,"[12, 0, 20, 0, 0, 0]","[0, 2]","['ascending stairs', 'descending stairs']",2.0,descending stairs,2.0,25.89437076162352,"[15, 6, 15, 24, 21, 19]","[0, 1, 2, 3, 4, 5]","['ascending stairs', 'cycling', 'descending stairs', 'sitting', 'standing', 'walking']",3.0,sitting,16.0,75.0,32.0,48.0,16.0,"{""3"": 6, ""4"": 5, ""5"": 5}","[3, 4, 5]","['sitting', 'standing', 'walking']","{""ascending stairs"": 0.0, ""cycling"": 0.0, ""descending stairs"": 0.0, ""sitting"": 1.0, ""standing"": 0.0, ""walking"": 0.0}",0.0,[],[],100,1.7808266544342042,0.24,0.06451612903225806,0.0929032258064516,0.019160700001521036
9,1,48.0,1.8229411840438843,0.008513800014043227,0.017394399998011068,1.8104076201153785,0.15463917525773196,0.044642857142857144,0.04142120765832105,256.0,288.0,"[9, 13, 10, 0, 0, 0]","[0, 1, 2]","['ascending stairs', 'cycling', 'descending stairs']",1.0,cycling,3.0,25.89437076162352,"[18, 18, 10, 15, 11, 25]","[0, 1, 2, 3, 4, 5]","['ascending stairs', 'cycling', 'descending stairs', 'sitting', 'standing', 'walking']",5.0,walking,16.0,71.0,32.0,48.0,16.0,"{""3"": 6, ""4"": 5, ""5"": 5}","[3, 4, 5]","['sitting', 'standing', 'walking']","{""ascending stairs"": 0.0, ""cycling"": 0.0, ""descending stairs"": 0.0, ""sitting"": 1.0, ""standing"": 0.0, ""walking"": 0.0}",0.0,[],[],97,1.8102394293264015,0.15463917525773196,0.044642857142857144,0.04142120765832105,0.021630600007483736
9,2,46.0,1.8719701766967773,0.009127900004386902,0.015352600021287799,1.8016009544714904,0.24358974358974358,0.06529209621993128,0.09542690985989956,256.0,286.0,"[18, 7, 5, 0, 0, 0]","[0, 1, 2]","['ascending stairs', 'cycling', 'descending stairs']",0.0,ascending stairs,3.0,25.89437076162352,"[20, 3, 9, 19, 8, 19]","[0, 1, 2, 3, 4, 5]","['ascending stairs', 'cycling', 'descending stairs', 'sitting', 'standing', 'walking']",0.0,ascending stairs,16.0,62.0,30.0,46.0,16.0,"{""3"": 2, ""4"": 7, ""5"": 7}","[3, 4, 5]","['sitting', 'standing', 'walking']","{""ascending stairs"": 0.0, ""cycling"": 0.0, ""descending stairs"": 0.0, ""sitting"": 1.0, ""standing"": 0.0, ""walking"": 0.0}",0.0,[],[],78,1.8006382447022657,0.24358974358974358,0.06529209621993128,0.09542690985989956,0.014620700007071719
9,3,48.0,1.835726261138916,0.00813400000333786,0.017090000008465722,1.791272006716047,0.18095238095238095,0.051075268817204304,0.0554531490015361,256.0,288.0,"[17, 0, 15, 0, 0, 0]","[0, 2]","['ascending stairs', 'descending stairs']",0.0,ascending stairs,2.0,25.89437076162352,"[12, 11, 18, 19, 20, 25]","[0, 1, 2, 3, 4, 5]","['ascending stairs', 'cycling', 'descending stairs', 'sitting', 'standing', 'walking']",5.0,walking,16.0,73.0,32.0,48.0,16.0,"{""3"": 6, ""4"": 5, ""5"": 5}","[3, 4, 5]","['sitting', 'standing', 'walking']","{""ascending stairs"": 0.0, ""cycling"": 0.0, ""descending stairs"": 0.0, ""sitting"": 1.0, ""standing"": 0.0, ""walking"": 0.0}",0.0,[],[],105,1.7909108434404646,0.18095238095238095,0.051075268817204304,0.0554531490015361,0.019711800006916746
9,4,48.0,1.808640480041504,0.007870600005844608,0.0141672000172548,1.7872173207821231,0.2079207920792079,0.05737704918032787,0.07157928907644863,256.0,288.0,"[21, 0, 11, 0, 0, 0]","[0, 2]","['ascending stairs', 'descending stairs']",0.0,ascending stairs,2.0,25.89437076162352,"[13, 15, 11, 21, 17, 24]","[0, 1, 2, 3, 4, 5]","['ascending stairs', 'cycling', 'descending stairs', 'sitting', 'standing', 'walking']",5.0,walking,16.0,60.0,32.0,48.0,16.0,"{""3"": 8, ""4"": 1, ""5"": 7}","[3, 4, 5]","['sitting', 'standing', 'walking']","{""ascending stairs"": 0.0, ""cycling"": 0.0, ""descending stairs"": 0.0, ""sitting"": 1.0, ""standing"": 0.0, ""walking"": 0.0}",0.0,[],[],101,1.787351873841616,0.2079207920792079,0.05737704918032787,0.07157928907644863,0.030760499997995794
9,6,48.0,1.8265039920806885,0.007681799994315952,0.013131999992765486,1.7821945090042917,0.23157894736842105,0.06267806267806268,0.08708951866846602,256.0,288.0,"[15, 0, 17, 0, 0, 0]","[0, 2]","['ascending stairs', 'descending stairs']",2.0,descending stairs,2.0,25.89437076162352,"[11, 12, 11, 22, 16, 23]","[0, 1, 2, 3, 4, 5]","['ascending stairs', 'cycling', 'descending stairs', 'sitting', 'standing', 'walking']",5.0,walking,16.0,66.0,32.0,48.0,16.0,"{""3"": 7, ""4"": 6, ""5"": 3}","[3, 4, 5]","['sitting', 'standing', 'walking']","{""ascending stairs"": 0.0, ""cycling"": 0.0, ""descending stairs"": 0.0, ""sitting"": 1.0, ""standing"": 0.0, ""walking"": 0.0}",0.0,[],[],95,1.7821339632335462,0.23157894736842105,0.06267806267806268,0.08708951866846602,0.03756599998450838
9,7,48.0,1.8439840078353882,0.007498000020859763,0.013235900027211756,1.7824495827898066,0.2553191489361702,0.06779661016949153,0.10385863685539128,256.0,288.0,"[19, 1, 12, 0, 0, 0]","[0, 1, 2]","['ascending stairs', 'cycling', 'descending stairs']",0.0,ascending stairs,3.0,25.89437076162352,"[17, 12, 10, 24, 13, 18]","[0, 1, 2, 3, 4, 5]","['ascending stairs', 'cycling', 'descending stairs', 'sitting', 'standing', 'walking']",3.0,sitting,16.0,55.0,32.0,48.0,16.0,"{""3"": 7, ""4"": 3, ""5"": 6}","[3, 4, 5]","['sitting', 'standing', 'walking']","{""ascending stairs"": 0.0, ""cycling"": 0.0, ""descending stairs"": 0.0, ""sitting"": 1.0, ""standing"": 0.0, ""walking"": 0.0}",0.0,[],[],94,1.7828957451150773,0.2553191489361702,0.06779661016949153,0.10385863685539128,0.038420400000177324
10,0,48.0,1.807594656944275,0.052874599990900606,0.11373009998351336,1.7796494007110595,0.24,0.06451612903225806,0.0929032258064516,288.0,320.0,"[17, 0, 15, 0, 0, 0]","[0, 2]","['ascending stairs', 'descending stairs']",0.0,ascending stairs,2.0,25.696213570508665,"[15, 6, 15, 24, 21, 19]","[0, 1, 2, 3, 4, 5]","['ascending stairs', 'cycling', 'descending stairs', 'sitting', 'standing', 'walking']",3.0,sitting,16.0,78.0,32.0,48.0,16.0,"{""3"": 6, ""4"": 5, ""5"": 5}","[3, 4, 5]","['sitting', 'standing', 'walking']","{""ascending stairs"": 0.0, ""cycling"": 0.0, ""descending stairs"": 0.0, ""sitting"": 1.0, ""standing"": 0.0, ""walking"": 0.0}",0.0,[],[],100,1.779455804824829,0.24,0.06451612903225806,0.0929032258064516,0.017504399991594255
10,1,48.0,1.7970237731933594,0.10951810001279227,0.05545669997809455,1.8100470169303344,0.15463917525773196,0.044642857142857144,0.04142120765832105,288.0,320.0,"[0, 32, 0, 0, 0, 0]",[1],['cycling'],1.0,cycling,1.0,25.696213570508665,"[18, 18, 10, 15, 11, 25]","[0, 1, 2, 3, 4, 5]","['ascending stairs', 'cycling', 'descending stairs', 'sitting', 'standing', 'walking']",5.0,walking,16.0,74.0,32.0,48.0,16.0,"{""0"": 4, ""2"": 3, ""3"": 3, ""4"": 3, ""5"": 3}","[0, 2, 3, 4, 5]","['ascending stairs', 'descending stairs', 'sitting', 'standing', 'walking']","{""ascending stairs"": 0.0, ""cycling"": 0.0, ""descending stairs"": 0.0, ""sitting"": 1.0, ""standing"": 0.0, ""walking"": 0.0}",0.0,[],[],97,1.8095398858650444,0.15463917525773196,0.044642857142857144,0.04142120765832105,0.020275300019420683
10,2,,,,,,,,,,,,,,,,,,,,,,,,,,,,,,,,,,,78,1.799604785748017,0.24358974358974358,0.06529209621993128,0.09542690985989956,0.014675000013085082
10,3,48.0,1.8348472118377686,0.11472910002339631,0.05265659998985939,1.7900794608252388,0.18095238095238095,0.051075268817204304,0.0554531490015361,288.0,320.0,"[23, 0, 9, 0, 0, 0]","[0, 2]","['ascending stairs', 'descending stairs']",0.0,ascending stairs,2.0,25.696213570508665,"[12, 11, 18, 19, 20, 25]","[0, 1, 2, 3, 4, 5]","['ascending stairs', 'cycling', 'descending stairs', 'sitting', 'standing', 'walking']",5.0,walking,16.0,67.0,32.0,48.0,16.0,"{""3"": 6, ""4"": 5, ""5"": 5}","[3, 4, 5]","['sitting', 'standing', 'walking']","{""ascending stairs"": 0.0, ""cycling"": 0.0, ""descending stairs"": 0.0, ""sitting"": 1.0, ""standing"": 0.0, ""walking"": 0.0}",0.0,[],[],105,1.7902252004260109,0.18095238095238095,0.051075268817204304,0.0554531490015361,0.017443300021113828
10,4,48.0,1.8306758403778076,0.10252830001991242,0.03989980000187643,1.784848147099561,0.2079207920792079,0.05737704918032787,0.07157928907644863,288.0,320.0,"[8, 16, 8, 0, 0, 0]","[0, 1, 2]","['ascending stairs', 'cycling', 'descending stairs']",1.0,cycling,3.0,25.696213570508665,"[13, 15, 11, 21, 17, 24]","[0, 1, 2, 3, 4, 5]","['ascending stairs', 'cycling', 'descending stairs', 'sitting', 'standing', 'walking']",5.0,walking,16.0,65.0,32.0,48.0,16.0,"{""3"": 8, ""4"": 1, ""5"": 7}","[3, 4, 5]","['sitting', 'standing', 'walking']","{""ascending stairs"": 0.0, ""cycling"": 0.0, ""descending stairs"": 0.0, ""sitting"": 1.0, ""standing"": 0.0, ""walking"": 0.0}",0.0,[],[],101,1.785765525138024,0.2079207920792079,0.05737704918032787,0.07157928907644863,0.012521999975433573
10,6,48.0,1.7885613441467285,0.006514400010928512,0.010084499983349815,1.7803425851621126,0.23157894736842105,0.06267806267806268,0.08708951866846602,288.0,320.0,"[8, 22, 2, 0, 0, 0]","[0, 1, 2]","['ascending stairs', 'cycling', 'descending stairs']",1.0,cycling,3.0,25.696213570508665,"[11, 12, 11, 22, 16, 23]","[0, 1, 2, 3, 4, 5]","['ascending stairs', 'cycling', 'descending stairs', 'sitting', 'standing', 'walking']",5.0,walking,16.0,61.0,32.0,48.0,16.0,"{""3"": 7, ""4"": 6, ""5"": 3}","[3, 4, 5]","['sitting', 'standing', 'walking']","{""ascending stairs"": 0.0, ""cycling"": 0.0, ""descending stairs"": 0.0, ""sitting"": 1.0, ""standing"": 0.0, ""walking"": 0.0}",0.0,[],[],95,1.7807272961265161,0.23157894736842105,0.06267806267806268,0.08708951866846602,0.010638400010066107
10,7,44.0,1.8012523651123047,0.005623600009130314,0.009013500006403774,1.7821139071850067,0.2553191489361702,0.06779661016949153,0.10385863685539128,288.0,316.0,"[0, 28, 0, 0, 0, 0]",[1],['cycling'],1.0,cycling,1.0,25.696213570508665,"[17, 12, 10, 24, 13, 18]","[0, 1, 2, 3, 4, 5]","['ascending stairs', 'cycling', 'descending stairs', 'sitting', 'standing', 'walking']",3.0,sitting,16.0,70.0,28.0,44.0,16.0,"{""0"": 4, ""2"": 3, ""3"": 3, ""4"": 3, ""5"": 3}","[0, 2, 3, 4, 5]","['ascending stairs', 'descending stairs', 'sitting', 'standing', 'walking']","{""ascending stairs"": 0.0, ""cycling"": 0.0, ""descending stairs"": 0.0, ""sitting"": 1.0, ""standing"": 0.0, ""walking"": 0.0}",0.0,[],[],94,1.7816303714792778,0.2553191489361702,0.06779661016949153,0.10385863685539128,0.010492100002011284
11,0,48.0,1.8467997312545776,0.008411199989495799,0.01917189999949187,1.7758675956726073,0.24,0.06451612903225806,0.0929032258064516,320.0,352.0,"[25, 0, 7, 0, 0, 0]","[0, 2]","['ascending stairs', 'descending stairs']",0.0,ascending stairs,2.0,25.893007608593397,"[15, 6, 15, 24, 21, 19]","[0, 1, 2, 3, 4, 5]","['ascending stairs', 'cycling', 'descending stairs', 'sitting', 'standing', 'walking']",3.0,sitting,16.0,70.0,32.0,48.0,16.0,"{""3"": 6, ""4"": 5, ""5"": 5}","[3, 4, 5]","['sitting', 'standing', 'walking']","{""ascending stairs"": 0.0, ""cycling"": 0.0, ""descending stairs"": 0.0, ""sitting"": 1.0, ""standing"": 0.0, ""walking"": 0.0}",0.0,[],[],100,1.7770891380310059,0.24,0.06451612903225806,0.0929032258064516,0.0169803999888245
11,1,41.0,1.7709739208221436,0.009099599992623553,0.018632199993589893,1.808020575759337,0.15463917525773196,0.044642857142857144,0.04142120765832105,320.0,345.0,"[0, 25, 0, 0, 0, 0]",[1],['cycling'],1.0,cycling,1.0,25.893007608593397,"[18, 18, 10, 15, 11, 25]","[0, 1, 2, 3, 4, 5]","['ascending stairs', 'cycling', 'descending stairs', 'sitting', 'standing', 'walking']",5.0,walking,16.0,74.0,25.0,41.0,16.0,"{""0"": 4, ""2"": 3, ""3"": 3, ""4"": 3, ""5"": 3}","[0, 2, 3, 4, 5]","['ascending stairs', 'descending stairs', 'sitting', 'standing', 'walking']","{""ascending stairs"": 0.0, ""cycling"": 0.0, ""descending stairs"": 0.0, ""sitting"": 1.0, ""standing"": 0.0, ""walking"": 0.0}",0.0,[],[],97,1.8084388221662069,0.15463917525773196,0.044642857142857144,0.04142120765832105,0.018641099974047393
11,2,,,,,,,,,,,,,,,,,,,,,,,,,,,,,,,,,,,78,1.7975164560171275,0.24358974358974358,0.06529209621993128,0.09542690985989956,0.013303499988978729
11,3,48.0,1.8725616931915283,0.007853499992052093,0.019017300015548244,1.787663745880127,0.18095238095238095,0.051075268817204304,0.0554531490015361,320.0,352.0,"[20, 0, 12, 0, 0, 0]","[0, 2]","['ascending stairs', 'descending stairs']",0.0,ascending stairs,2.0,25.893007608593397,"[12, 11, 18, 19, 20, 25]","[0, 1, 2, 3, 4, 5]","['ascending stairs', 'cycling', 'descending stairs', 'sitting', 'standing', 'walking']",5.0,walking,16.0,70.0,32.0,48.0,16.0,"{""3"": 6, ""4"": 5, ""5"": 5}","[3, 4, 5]","['sitting', 'standing', 'walking']","{""ascending stairs"": 0.0, ""cycling"": 0.0, ""descending stairs"": 0.0, ""sitting"": 1.0, ""standing"": 0.0, ""walking"": 0.0}",0.0,[],[],105,1.7886064461299351,0.18095238095238095,0.051075268817204304,0.0554531490015361,0.018427599978167564
11,4,47.0,1.8009860515594482,0.008920399995986372,0.021153800014872104,1.7850098007976418,0.2079207920792079,0.05737704918032787,0.07157928907644863,320.0,351.0,"[0, 31, 0, 0, 0, 0]",[1],['cycling'],1.0,cycling,1.0,25.893007608593397,"[13, 15, 11, 21, 17, 24]","[0, 1, 2, 3, 4, 5]","['ascending stairs', 'cycling', 'descending stairs', 'sitting', 'standing', 'walking']",5.0,walking,16.0,65.0,31.0,47.0,16.0,"{""0"": 4, ""2"": 4, ""3"": 4, ""4"": 1, ""5"": 3}","[0, 2, 3, 4, 5]","['ascending stairs', 'descending stairs', 'sitting', 'standing', 'walking']","{""ascending stairs"": 0.0, ""cycling"": 0.0, ""descending stairs"": 0.0, ""sitting"": 1.0, ""standing"": 0.0, ""walking"": 0.0}",0.0,[],[],101,1.783557363075785,0.2079207920792079,0.05737704918032787,0.07157928907644863,0.010252000007312745
11,6,28.0,0.0,0.0005412000173237175,0.007991999998921528,1.7807272961265161,0.23157894736842105,0.06267806267806268,0.08708951866846602,320.0,332.0,"[0, 12, 0, 0, 0, 0]",[1],['cycling'],1.0,cycling,1.0,25.893007608593397,"[11, 12, 11, 22, 16, 23]","[0, 1, 2, 3, 4, 5]","['ascending stairs', 'cycling', 'descending stairs', 'sitting', 'standing', 'walking']",5.0,walking,16.0,57.0,12.0,28.0,16.0,"{""0"": 4, ""2"": 2, ""3"": 4, ""4"": 3, ""5"": 3}","[0, 2, 3, 4, 5]","['ascending stairs', 'descending stairs', 'sitting', 'standing', 'walking']","{""ascending stairs"": 0.0, ""cycling"": 0.0, ""descending stairs"": 0.0, ""sitting"": 1.0, ""standing"": 0.0, ""walking"": 0.0}",0.0,[],[],95,1.7790399626681679,0.23157894736842105,0.06267806267806268,0.08708951866846602,0.008081400010269135
11,7,,,,,,,,,,,,,,,,,,,,,,,,,,,,,,,,,,,94,1.779615135903054,0.2553191489361702,0.06779661016949153,0.10385863685539128,0.00965870000072755
12,0,42.0,1.7767608165740967,0.005275200004689395,0.012368100025923923,1.7752661514282226,0.24,0.06451612903225806,0.0929032258064516,352.0,378.0,"[0, 18, 8, 0, 0, 0]","[1, 2]","['cycling', 'descending stairs']",1.0,cycling,2.0,26.152132639935676,"[15, 6, 15, 24, 21, 19]","[0, 1, 2, 3, 4, 5]","['ascending stairs', 'cycling', 'descending stairs', 'sitting', 'standing', 'walking']",3.0,sitting,16.0,87.0,26.0,42.0,16.0,"{""0"": 4, ""3"": 4, ""4"": 4, ""5"": 4}","[0, 3, 4, 5]","['ascending stairs', 'sitting', 'standing', 'walking']","{""ascending stairs"": 0.0, ""cycling"": 0.0, ""descending stairs"": 0.0, ""sitting"": 1.0, ""standing"": 0.0, ""walking"": 0.0}",0.0,[],[],100,1.774512734413147,0.24,0.06451612903225806,0.0929032258064516,0.015685000020312145
12,1,,,,,,,,,,,,,,,,,,,,,,,,,,,,,,,,,,,97,1.8065383778404944,0.15463917525773196,0.044642857142857144,0.04142120765832105,0.015238899999530986
12,2,,,,,,,,,,,,,,,,,,,,,,,,,,,,,,,,,,,78,1.7951761117348304,0.24358974358974358,0.06529209621993128,0.09542690985989956,0.013501199980964884
12,3,48.0,1.7070765495300293,0.006600299995625392,0.012000800023088232,1.7861037504105342,0.18095238095238095,0.051075268817204304,0.0554531490015361,352.0,384.0,"[3, 29, 0, 0, 0, 0]","[0, 1]","['ascending stairs', 'cycling']",1.0,cycling,2.0,26.152132639935676,"[12, 11, 18, 19, 20, 25]","[0, 1, 2, 3, 4, 5]","['ascending stairs', 'cycling', 'descending stairs', 'sitting', 'standing', 'walking']",5.0,walking,16.0,73.0,32.0,48.0,16.0,"{""2"": 4, ""3"": 4, ""4"": 4, ""5"": 4}","[2, 3, 4, 5]","['descending stairs', 'sitting', 'standing', 'walking']","{""ascending stairs"": 0.0, ""cycling"": 0.0, ""descending stairs"": 0.0, ""sitting"": 1.0, ""standing"": 0.0, ""walking"": 0.0}",0.0,[],[],105,1.7866520461582003,0.18095238095238095,0.051075268817204304,0.0554531490015361,0.015516199986450374
12,4,,,,,,,,,,,,,,,,,,,,,,,,,,,,,,,,,,,101,1.7808709014760387,0.2079207920792079,0.05737704918032787,0.07157928907644863,0.008564699994167313
12,6,,,,,,,,,,,,,,,,,,,,,,,,,,,,,,,,,,,95,1.777030567118996,0.23157894736842105,0.06267806267806268,0.08708951866846602,0.009780899999896064
12,7,,,,,,,,,,,,,,,,,,,,,,,,,,,,,,,,,,,94,1.7771149670824091,0.2553191489361702,0.06779661016949153,0.10385863685539128,0.010053100006189197
13,0,,,,,,,,,,,,,,,,,,,,,,,,,,,,,,,,,,,100,1.774512734413147,0.24,0.06451612903225806,0.0929032258064516,0.018255200004205108
13,1,,,,,,,,,,,,,,,,,,,,,,,,,,,,,,,,,,,97,1.8065383778404944,0.15463917525773196,0.044642857142857144,0.04142120765832105,0.017546300019603223
13,2,,,,,,,,,,,,,,,,,,,,,,,,,,,,,,,,,,,78,1.7951761117348304,0.24358974358974358,0.06529209621993128,0.09542690985989956,0.01401299997814931
13,3,24.0,0.0,0.000515899999300018,0.008434599993051961,1.7866520461582003,0.18095238095238095,0.051075268817204304,0.0554531490015361,384.0,392.0,"[0, 8, 0, 0, 0, 0]",[1],['cycling'],1.0,cycling,1.0,26.12618771498158,"[12, 11, 18, 19, 20, 25]","[0, 1, 2, 3, 4, 5]","['ascending stairs', 'cycling', 'descending stairs', 'sitting', 'standing', 'walking']",5.0,walking,16.0,65.0,8.0,24.0,16.0,"{""0"": 3, ""2"": 4, ""3"": 3, ""4"": 3, ""5"": 3}","[0, 2, 3, 4, 5]","['ascending stairs', 'descending stairs', 'sitting', 'standing', 'walking']","{""ascending stairs"": 0.0, ""cycling"": 0.0, ""descending stairs"": 0.0, ""sitting"": 1.0, ""standing"": 0.0, ""walking"": 0.0}",0.0,[],[],105,1.7866520461582003,0.18095238095238095,0.051075268817204304,0.0554531490015361,0.016683900001225993
13,4,,,,,,,,,,,,,,,,,,,,,,,,,,,,,,,,,,,101,1.7808709014760387,0.2079207920792079,0.05737704918032787,0.07157928907644863,0.011464300012448803
13,6,,,,,,,,,,,,,,,,,,,,,,,,,,,,,,,,,,,95,1.777030567118996,0.23157894736842105,0.06267806267806268,0.08708951866846602,0.011217799998121336
13,7,,,,,,,,,,,,,,,,,,,,,,,,,,,,,,,,,,,94,1.7771149670824091,0.2553191489361702,0.06779661016949153,0.10385863685539128,0.012275199987925589
